city,state,YearMonth,AT,BP,PM2.5,RF,VWS,WD,WS,latitude,longitude
Agartala,Tripura,2023-01,,750.0,196.0401029748282,0.0441599462365591,,195.44072862453535,0.4806691449814122,23.8175497,91.2726974
Agartala,Tripura,2023-02,,750.0,170.87487470167054,0.0002632582983594,,245.9365200000001,0.6869000000000003,23.8175497,91.2726974
Agartala,Tripura,2023-03,,750.0,119.49088074023317,0.0098654557685839,,190.55044987146533,0.6058290488431886,23.8175497,91.2726974
Agartala,Tripura,2023-04,,749.9613535424743,94.20535598120723,0.0279166666666667,,205.8345995747696,0.6153295535081508,23.8175497,91.2726974
Agartala,Tripura,2023-05,,749.9047467438495,63.55358490566032,0.0156492411467116,,212.5679978118162,0.6523851203501096,23.8175497,91.2726974
Agartala,Tripura,2023-06,,748.6887224080256,58.87499522445087,0.0303749999999999,,203.0941974479513,0.5901410342511749,23.8175497,91.2726974
Agartala,Tripura,2023-07,,749.3023677706387,32.53944517256442,0.0373880597014925,,188.776856435644,0.5161881188118812,23.8175497,91.2726974
Agartala,Tripura,2023-08,,748.8639705882362,56.182579143389226,0.0655244277417151,,194.80333148558788,0.5152660753880267,23.8175497,91.2726974
Agartala,Tripura,2023-09,,749.8011508325168,47.07337812789624,0.0347296739579034,,185.4542998027611,0.5142258382642998,23.8175497,91.2726974
Agartala,Tripura,2023-10,,749.9957108924331,74.8717331081082,0.0351243279569892,,184.8875059869997,0.4536743072186124,23.8175497,91.2726974
Agartala,Tripura,2023-11,,750.0,84.35626450116014,0.0110899780541331,,194.1161334405145,0.4551567524115749,23.8175497,91.2726974
Agartala,Tripura,2023-12,,750.0,93.56523238380817,0.0138397790055248,,205.10778247734115,0.4762960725075522,23.8175497,91.2726974
Ahmedabad,Gujarat,2023-01,20.32348797246656,800.0,63.60128497188081,6.777363605557438e-05,0.9603375527426208,173.28864388475236,0.5098973779168144,23.039176,72.55453250000001
Ahmedabad,Gujarat,2023-02,25.326317950475,800.0,73.18402748800304,0.0,1.057343144848953,183.33471858256155,0.5224825804319299,23.039176,72.55453250000001
Ahmedabad,Gujarat,2023-03,27.105855114529565,800.0,55.99430947843536,0.0010697674418604,0.9559935321595447,180.2953696256318,0.8137904936325465,23.039176,72.55453250000001
Ahmedabad,Gujarat,2023-04,28.647953706979525,800.0000368459838,56.79770438121252,0.0008151791988756,0.6772770817980751,193.55041174387017,0.969390444935482,23.039176,72.55453250000001
Ahmedabad,Gujarat,2023-05,31.351392773305157,807.1306760847707,51.51504581470615,0.0009776654024441,0.5442885973763852,190.3622101536244,1.2643625171041002,23.039176,72.55453250000001
Ahmedabad,Gujarat,2023-06,30.10550485740001,956.1096314325612,34.88480779900381,0.031523178807947,0.4379033379694045,166.6091577584656,1.755010000678087,23.039176,72.55453250000001
Ahmedabad,Gujarat,2023-07,28.119461826561075,956.1865806901666,33.145488556569,0.0654686398872445,0.042289996514465,172.51932199045984,1.1903620141829463,23.039176,72.55453250000001
Ahmedabad,Gujarat,2023-08,28.463567186948204,832.4573301950336,31.88672732115619,0.0123035045933991,0.5686886348352408,227.0131437273021,1.7927348259502538,23.039176,72.55453250000001
Ahmedabad,Gujarat,2023-09,29.0117838694633,800.0346341463487,33.05564092648614,0.1449773863106741,0.7999024390243886,164.4139518640413,1.2203139684818003,23.039176,72.55453250000001
Ahmedabad,Gujarat,2023-10,29.98957733482007,959.4306603773584,59.36177489707608,0.0180843090466197,1.1537046444121837,187.13676649186368,0.6500600865484609,23.039176,72.55453250000001
Ahmedabad,Gujarat,2023-11,27.19197993021261,1001.935760090532,66.92235479213059,0.0018189531683195,1.0542361373066775,167.4261767016374,0.5475009414104254,23.039176,72.55453250000001
Ahmedabad,Gujarat,2023-12,23.899679323102323,1001.0,52.751201223015954,0.0,1.0280055497745335,170.88779408282753,0.6014550389029693,23.039176,72.55453250000001
Aizawl,Mizoram,2023-01,,890.6372388059688,14.890690702087284,,,152.60014601139602,1.3283517265930946,23.7176342,92.7192841
Aizawl,Mizoram,2023-02,,888.909723127036,18.26535617183253,,,160.34304891304336,1.4401793478260847,23.7176342,92.7192841
Aizawl,Mizoram,2023-03,,890.038052264808,16.663224755700323,,,155.33029329608942,1.4202897033158812,23.7176342,92.7192841
Aizawl,Mizoram,2023-04,,888.1041623557495,13.06942917547568,,,167.3742845755282,1.4720111509358835,23.7176342,92.7192841
Aizawl,Mizoram,2023-05,,887.2017820376296,8.46908943089431,,,157.21546519886354,1.7165021306818211,23.7176342,92.7192841
Aizawl,Mizoram,2023-06,,883.838287923418,6.551713075060533,,,151.8986850828732,1.9172891344383072,23.7176342,92.7192841
Aizawl,Mizoram,2023-07,,884.231665465031,3.1870402298850564,,,151.03619545618463,1.7088712585647303,23.7176342,92.7192841
Aizawl,Mizoram,2023-08,,882.1711348684206,9.71262458471761,,,143.15444084278778,2.9797893030794174,23.7176342,92.7192841
Aizawl,Mizoram,2023-09,,,15.943821839080462,,,,,23.7176342,92.7192841
Aizawl,Mizoram,2023-10,,,11.391705221414409,,,,,23.7176342,92.7192841
Aizawl,Mizoram,2023-11,,,6.970650105708256,,,,,23.7176342,92.7192841
Aizawl,Mizoram,2023-12,,,9.765023644961843,,,,,23.7176342,92.7192841
Amaravati,Andhra Pradesh,2023-01,23.482173112338824,760.1981583793738,60.407051282051285,3.683241252302026e-05,0.0090239410681399,156.79668508287293,1.671565377532222,16.5150833,80.5181667
Amaravati,Andhra Pradesh,2023-02,25.64256068911516,758.8003132341425,42.42224080267559,0.0,0.0027407987470634,158.28308535630384,1.846202036021925,16.5150833,80.5181667
Amaravati,Andhra Pradesh,2023-03,26.71005625879049,757.4585091420535,29.4118291347207,0.0028129395218002,0.0082630098452883,145.3227848101266,2.489873417721522,16.5150833,80.5181667
Amaravati,Andhra Pradesh,2023-04,29.435260586319234,754.5631107491856,24.405314213412066,0.0010586319218241,-0.00757328990228,152.75244299674267,2.645928338762209,16.5150833,80.5181667
Amaravati,Andhra Pradesh,2023-05,30.7376772709851,752.3372939823687,23.752360515021454,0.0080873898045228,-0.0189727865082407,162.19164430816406,2.548486009965499,16.5150833,80.5181667
Amaravati,Andhra Pradesh,2023-06,32.15233013162575,748.7641408751334,18.9938884644767,0.0046958377801494,-0.1256136606189974,231.42725008893632,3.767662753468515,16.5150833,80.5181667
Amaravati,Andhra Pradesh,2023-07,27.857675244010647,749.1206743566992,11.8018018018018,0.0416289592760181,-0.1250221827861574,237.58873114463177,3.663842058562549,16.5150833,80.5181667
Amaravati,Andhra Pradesh,2023-08,29.42114553314115,751.4877521613832,18.899745731928807,0.0106268011527377,-0.0861311239193069,234.4164265129683,3.2313040345821418,16.5150833,80.5181667
Amaravati,Andhra Pradesh,2023-09,28.6651674162919,750.464267866067,15.649872773536895,0.0424787606196902,-0.0747999999999995,237.03548225887056,2.8482258870564765,16.5150833,80.5181667
Amaravati,Andhra Pradesh,2023-10,28.47321688500729,756.4217612809316,46.03302752293578,0.0048034934497816,-0.0060771470160115,178.792576419214,1.8941048034934456,16.5150833,80.5181667
Amaravati,Andhra Pradesh,2023-11,27.133750504642684,758.754945498587,47.90135079819893,0.0016148566814695,0.0338716188938229,114.1114251110214,2.0404925312878506,16.5150833,80.5181667
Amaravati,Andhra Pradesh,2023-12,24.75616926503342,760.279732739421,68.32413793103449,0.0072160356347438,0.0225835189309578,133.11180400890868,1.7433853006681514,16.5150833,80.5181667
Anantapur,Andhra Pradesh,2023-01,23.68638707459603,936.8394226804116,20.91388182755057,0.0,0.1800000000000047,117.26934956521733,1.0,14.675886,77.593027
Anantapur,Andhra Pradesh,2023-02,25.76370795107036,752.1841099577142,34.05207410236808,0.0,-0.1180068859984686,128.98085072863333,0.3215317173800929,14.675886,77.593027
Anantapur,Andhra Pradesh,2023-03,27.048628318584083,727.6430769230811,31.112451048951105,0.0,-0.2700068096697201,144.0414565441429,0.4075669183253247,14.675886,77.593027
Anantapur,Andhra Pradesh,2023-04,29.28988620199147,719.4642959770159,29.57775248933152,0.0334839857651245,-0.2700889679715196,146.97424883470802,0.3899497847919653,14.675886,77.593027
Anantapur,Andhra Pradesh,2023-05,29.72395314787702,717.5702855051276,25.805968712394662,0.0,-0.2700073260073157,200.98453432282045,0.5279019680653554,14.675886,77.593027
Anantapur,Andhra Pradesh,2023-06,29.881411516853944,712.9845978647724,18.7809288610395,0.0,-0.2700070348223601,248.55330755711768,0.8455606326889279,14.675886,77.593027
Anantapur,Andhra Pradesh,2023-07,27.72389510489514,714.0652435530136,14.330220279720344,0.0,-0.2699999999999893,244.69456582633077,0.9607072829131638,14.675886,77.593027
Anantapur,Andhra Pradesh,2023-08,28.94380480905237,718.8437327677672,13.322626369741984,0.0,-0.2699999999999894,254.77870134465664,0.7515109695682952,14.675886,77.593027
Anantapur,Andhra Pradesh,2023-09,28.33352198079841,714.6319545454536,16.998014148559896,0.0,-0.1237962493664439,246.39182048681556,0.7338793103448285,14.675886,77.593027
Anantapur,Andhra Pradesh,2023-10,29.179632578077143,730.0105076452589,31.364158200290355,0.0,0.2409730722154236,101.98675373134316,0.2145612943372747,14.675886,77.593027
Anantapur,Andhra Pradesh,2023-11,27.283304981774062,732.4925816861687,22.863022861981356,0.0,-0.1051090468497599,92.62470252648733,0.2750407166123779,14.675886,77.593027
Anantapur,Andhra Pradesh,2023-12,25.684670069267217,735.0448761835451,31.119742729306378,0.0,-0.2701971522453347,103.43806085043988,0.2748625870282156,14.675886,77.593027
Araria,Bihar,2023-01,13.056551488197028,,169.48342245989303,0.0,,94.08745247148288,0.9319134318103632,26.146529,87.454184
Araria,Bihar,2023-02,19.45030487804877,,129.32425940752603,0.0,,124.14394227117356,0.9674225245653776,26.146529,87.454184
Araria,Bihar,2023-03,23.67308668842951,,105.894374282434,0.0029290144727773,,136.92643435410068,1.1723283793347443,26.146529,87.454184
Araria,Bihar,2023-04,27.427724594992625,,63.7178287318671,0.0023653566229985,,35.522147147147145,1.5108883647798763,26.146529,87.454184
Araria,Bihar,2023-05,28.516348671904165,,36.72105520273571,0.0175670570457121,,36.22035881435257,2.079175431215821,26.146529,87.454184
Araria,Bihar,2023-06,30.01244360902258,,20.894897959183677,0.1394302848575712,,68.12588235294118,2.023609394313988,26.146529,87.454184
Araria,Bihar,2023-07,29.115976078598944,,10.354941551540914,0.2230508474576271,,58.79333333333334,2.0627747252747417,26.146529,87.454184
Araria,Bihar,2023-08,28.705440414507816,,20.4480135249366,0.2939383070301291,,28.879291251384277,2.4245109321058678,26.146529,87.454184
Araria,Bihar,2023-09,28.726636225266358,,28.95289855072464,0.0264116575591985,,20.987644787644783,3.0477863989045946,26.146529,87.454184
Araria,Bihar,2023-10,25.727686274509743,,57.51843210452636,0.0960432997387084,,81.45527156549521,2.717215815486001,26.146529,87.454184
Araria,Bihar,2023-11,22.72974783293929,,85.58991318726747,0.0,,150.13189623675558,1.5920741324921115,26.146529,87.454184
Araria,Bihar,2023-12,18.651866618339984,,146.9373328238441,0.000173792144595,,168.8330104610616,1.0672080433101614,26.146529,87.454184
Ariyalur,Tamil Nadu,2023-01,24.48535551663745,1005.2411243432562,46.40378842030016,,,255.06591943957943,2.159810858143609,11.06825,79.07033
Ariyalur,Tamil Nadu,2023-02,25.570194174757297,1004.6302291262132,38.73775339185956,,,251.7921941747568,1.8994135922330155,11.06825,79.07033
Ariyalur,Tamil Nadu,2023-03,28.21108065156929,1003.324294795392,28.37509811774127,,,235.07104489471575,2.020222487087807,11.06825,79.07033
Ariyalur,Tamil Nadu,2023-04,30.633201915991165,1000.8889830508476,24.31483639265764,,,228.01987472365497,2.0293736182756086,11.06825,79.07033
Ariyalur,Tamil Nadu,2023-05,31.457372495446347,999.883415300548,20.1796115585031,,,243.2498087431692,2.4053096539162078,11.06825,79.07033
Ariyalur,Tamil Nadu,2023-06,31.788612852664585,997.8791810344816,14.50444020356234,,,264.8398981191231,2.835078369905957,11.06825,79.07033
Ariyalur,Tamil Nadu,2023-07,30.702083169870487,998.4812161632012,13.567174849267872,,,272.24839152608865,3.2094036877206773,11.06825,79.07033
Ariyalur,Tamil Nadu,2023-08,31.01043253234747,999.644672828095,15.197157757496738,,,262.0121959334563,2.5692865064695045,11.06825,79.07033
Ariyalur,Tamil Nadu,2023-09,29.779758064516148,999.1532642089102,15.521792626728123,,,259.9085867895546,2.508652073732718,11.06825,79.07033
Ariyalur,Tamil Nadu,2023-10,28.67655145631073,1002.7878601941744,22.202924673328223,,,270.910027184466,2.0816737864077703,11.06825,79.07033
Ariyalur,Tamil Nadu,2023-11,26.345361111111103,1003.346777777779,15.999782690146066,,,279.6227658730154,2.267938840349484,11.06825,79.07033
Ariyalur,Tamil Nadu,2023-12,25.93947330705843,1004.0308097456112,21.00968137254903,,,269.74240773916176,2.560326048011463,11.06825,79.07033
Baddi,Himachal Pradesh,2023-01,23.34283326368574,,153.22047930283225,0.0083577099874634,,153.41287087338068,1.0714584203928132,30.943887,76.801991
Baddi,Himachal Pradesh,2023-02,26.78840634441079,,77.56318785578748,0.0001888217522658,,155.79826218360407,1.475981873111784,30.943887,76.801991
Baddi,Himachal Pradesh,2023-03,28.17970568104035,,46.471288515406165,0.0485968514715948,,163.75539568345323,1.453867214236822,30.943887,76.801991
Baddi,Himachal Pradesh,2023-04,30.226238859180032,,33.141712204007284,0.0352941176470588,,177.06645230439443,1.9594652406417084,30.943887,76.801991
Baddi,Himachal Pradesh,2023-05,31.30341119762701,,33.41516660283416,0.1147571375602521,,176.50149253731342,1.7855439642324922,30.943887,76.801991
Baddi,Himachal Pradesh,2023-06,31.918652482269515,,34.21520381931693,0.0898936170212766,,183.5740674955595,1.527730496453901,30.943887,76.801991
Baddi,Himachal Pradesh,2023-07,31.182401943769555,,30.976331360946745,0.5397431447414093,,199.6297667530544,1.302402957486136,30.943887,76.801991
Baddi,Himachal Pradesh,2023-08,29.901270289343717,,37.13325950535253,0.2827391457818567,,156.87301025822427,1.260551431601272,30.943887,76.801991
Baddi,Himachal Pradesh,2023-09,29.30379790940768,,42.53663793103448,0.0776150627615062,,154.13301920985865,1.1925497287522615,30.943887,76.801991
Baddi,Himachal Pradesh,2023-10,25.64299893654728,,48.29958443520968,0.0219095119344495,,160.55945945945945,1.255423076923078,30.943887,76.801991
Baddi,Himachal Pradesh,2023-11,21.872121212121197,,75.35238987816308,0.0130832969908416,,173.67978620019437,1.0760194174757265,30.943887,76.801991
Baddi,Himachal Pradesh,2023-12,16.48948428686543,,130.90709459459458,0.0,,165.0603096984515,0.959299959299963,30.943887,76.801991
Bhilai,Chhattisgarh,2023-01,21.10014506041447,,40.14870466413958,0.0016989543545236,,152.7662025021326,0.5888286056675673,21.201539,81.35543166666666
Bhilai,Chhattisgarh,2023-02,23.19044538933015,,29.96473531346339,0.0,,189.311229732038,0.6367081125167635,21.201539,81.35543166666666
Bhilai,Chhattisgarh,2023-03,25.94109286100599,,25.00611471501869,0.0199452608926834,,180.70043717467564,0.812919951566675,21.201539,81.35543166666666
Bhilai,Chhattisgarh,2023-04,29.591886024031208,,19.53500935274052,0.0243694878241947,,202.07817553911164,1.4030699065732186,21.201539,81.35543166666666
Bhilai,Chhattisgarh,2023-05,31.63491468244255,,20.60503388928285,0.0305166840050561,,210.916361969936,4.267856237427252,21.201539,81.35543166666666
Bhilai,Chhattisgarh,2023-06,32.48921184975445,,16.661727706718043,0.0735187999957437,,231.57630208504972,6.635628158496546,21.201539,81.35543166666666
Bhilai,Chhattisgarh,2023-07,28.323130376607462,,10.367360702169242,0.2125921616656459,,209.2683079897343,2.259211646003163,21.201539,81.35543166666666
Bhilai,Chhattisgarh,2023-08,27.89764775413711,,18.81742940178059,0.1187267814927389,,245.36891877270335,2.499434424659562,21.201539,81.35543166666666
Bhilai,Chhattisgarh,2023-09,26.79688963775832,,13.664268554042572,0.264023657771717,,220.3841591720769,2.2211779664040856,21.201539,81.35543166666666
Bhilai,Chhattisgarh,2023-10,25.61053644012059,,31.961374166068257,0.0105628947894723,,201.0477505597955,1.9350874896194816,21.201539,81.35543166666666
Bhilai,Chhattisgarh,2023-11,22.78765081132173,,46.4234149651653,0.0042915830112785,,112.6259569331492,0.3872292579659062,21.201539,81.35543166666666
Bhilai,Chhattisgarh,2023-12,19.31444606181877,,53.58732669436002,0.016337476947414,,112.2417904323722,0.5461048317825878,21.201539,81.35543166666666
Bhiwadi,Rajasthan,2023-01,,752.9462248563202,102.15183357879248,0.0047413793103448,,211.8690057430008,0.8926419841840427,28.194909,76.862296
Bhiwadi,Rajasthan,2023-02,,741.8089185953697,80.2111219910242,0.0012779552715654,,221.5058868074929,1.0527979274611403,28.194909,76.862296
Bhiwadi,Rajasthan,2023-03,,745.6312833853619,68.09813107670158,0.0187630298818624,,178.68471547536464,0.8779069767441864,28.194909,76.862296
Bhiwadi,Rajasthan,2023-04,,744.7999926443563,60.83203172205422,0.0002941176470588,,193.9939227941179,0.9159102611254116,28.194909,76.862296
Bhiwadi,Rajasthan,2023-05,,742.1318800152853,50.30898443579788,0.0227915869980879,,199.35246083301504,1.048175908221797,28.194909,76.862296
Bhiwadi,Rajasthan,2023-06,,737.7028828154249,46.60148090413097,0.0423220973782771,,205.4991102803734,1.086841317365271,28.194909,76.862296
Bhiwadi,Rajasthan,2023-07,,737.1352512095266,25.189377203290206,0.0633928571428571,,152.71912574404743,0.7420275297619059,28.194909,76.862296
Bhiwadi,Rajasthan,2023-08,,737.9374833702901,31.96073586367169,0.0286452565522333,,221.03726701183425,1.0559571322985977,28.194909,76.862296
Bhiwadi,Rajasthan,2023-09,,740.7544838826515,47.02120384615373,0.0181290790427846,,147.47223831944956,0.7969409206234154,28.194909,76.862296
Bhiwadi,Rajasthan,2023-10,,745.9222884513039,91.1166913123843,0.0002122015915119,,196.22534326769525,0.8333865814696492,28.194909,76.862296
Bhiwadi,Rajasthan,2023-11,,751.1390623885916,183.1501093926818,0.0,,166.975546847168,0.635258467023174,28.194909,76.862296
Bhiwadi,Rajasthan,2023-12,,752.8229776067178,137.5355542986423,0.0,,203.5869940580215,0.7542372288313526,28.194909,76.862296
Bihar Sharif,Bihar,2023-01,14.581785714285717,,170.45650708024274,0.0,,186.43719008264463,0.4084792993630638,25.204762,85.51496
Bihar Sharif,Bihar,2023-02,20.849127399650943,,54.24428571428572,0.0,,270.5869939707149,0.4199501246882851,25.204762,85.51496
Bihar Sharif,Bihar,2023-03,26.048312993539163,,36.75747508305648,0.0043998592045054,,237.26874320898224,0.4444483734087694,25.204762,85.51496
Bihar Sharif,Bihar,2023-04,31.01296296296305,,32.151196519216825,0.0022943875750088,,267.37092731829574,1.0869749382280292,25.204762,85.51496
Bihar Sharif,Bihar,2023-05,31.85436265709161,,28.79560938682816,0.0040550070521861,,165.76796407185628,1.29553072625698,25.204762,85.51496
Bihar Sharif,Bihar,2023-06,34.23036363636357,,20.75287356321839,0.0573975044563279,,195.30464285714285,1.4627807486631044,25.204762,85.51496
Bihar Sharif,Bihar,2023-07,31.31755919854277,,11.065659197498697,0.0379746835443038,,162.95949926362297,1.383707245310776,25.204762,85.51496
Bihar Sharif,Bihar,2023-08,29.69747420846664,,13.047689463955638,0.0916115558649495,,244.0965034965035,1.358948467966573,25.204762,85.51496
Bihar Sharif,Bihar,2023-09,29.55987213238049,,15.801755085759872,0.0054784514243973,,171.4314381270903,1.246607341490545,25.204762,85.51496
Bihar Sharif,Bihar,2023-10,26.96306657223789,,22.439006574141708,0.0033193570929419,,227.25232308791996,1.1256140350877175,25.204762,85.51496
Bihar Sharif,Bihar,2023-11,23.24461990451708,,54.5448168355417,0.0025380710659898,,243.7163953048088,0.9568298027757476,25.204762,85.51496
Bihar Sharif,Bihar,2023-12,18.55750445632798,,44.30927835051546,0.0003537318712415,,263.32267441860466,1.0600354609928986,25.204762,85.51496
Bileipada,Odisha,2023-01,16.014989919354843,,127.7682961309524,0.0,,192.1513546218493,0.3328110289172832,22.06156703,85.47409613
Bileipada,Odisha,2023-02,18.32024972046215,,63.18018775510219,0.0,,208.83151549085477,0.3839133681852126,22.06156703,85.47409613
Bileipada,Odisha,2023-03,22.06094180961993,,72.08741833508967,0.0195154777927321,,198.29882907133205,0.379185459441266,22.06156703,85.47409613
Bileipada,Odisha,2023-04,25.693767361111163,,69.82579077139852,0.0102813476901701,,206.8180757207364,0.4198853768669679,22.06156703,85.47409613
Bileipada,Odisha,2023-05,26.92661107168205,,50.49260498220633,0.0261178140525195,,192.30410574875776,0.4306884315117093,22.06156703,85.47409613
Bileipada,Odisha,2023-06,27.77949362340583,,46.96110649546821,0.0539384846211552,,188.5507354596625,0.4492079579579578,22.06156703,85.47409613
Bileipada,Odisha,2023-07,25.153111961056972,,26.27900286944053,0.0746870653685674,,164.38245132127972,0.5091515994436727,22.06156703,85.47409613
Bileipada,Odisha,2023-08,24.598015577378963,,41.72683870967752,0.0731459532678628,,210.17935997290883,0.488207994579945,22.06156703,85.47409613
Bileipada,Odisha,2023-09,24.4564326647565,,37.336821818181846,0.0436246418338109,,170.3813323782231,0.4400680759584383,22.06156703,85.47409613
Bileipada,Odisha,2023-10,22.322579018157395,,60.13883389830527,0.0234700739744452,,201.4129421654336,0.3607904473595679,22.06156703,85.47409613
Bileipada,Odisha,2023-11,18.93294392523366,,83.35697976878632,0.000431344356578,,186.96556434219983,0.3434951456310684,22.06156703,85.47409613
Bileipada,Odisha,2023-12,15.115947183098616,,75.25336458708998,0.0141649048625793,,185.5136680761097,0.3288121254846676,22.06156703,85.47409613
Brajrajnagar,Odisha,2023-01,19.337077414772654,,48.4025678119348,,,106.89776633522727,4.291090198863496,21.8004996,83.8396977
Brajrajnagar,Odisha,2023-02,22.10993880048958,,46.30642673521856,,,107.11968176254588,4.319110567115387,21.8004996,83.8396977
Brajrajnagar,Odisha,2023-03,25.29446130500761,,44.87395468998418,,,107.0433990895296,4.310618361153141,21.8004996,83.8396977
Brajrajnagar,Odisha,2023-04,29.77625400213452,,25.39731990231992,,,107.094324742268,4.316721649484642,21.8004996,83.8396977
Brajrajnagar,Odisha,2023-05,31.531286089238865,,17.346292134831415,,,107.33033078880403,4.354325699745607,21.8004996,83.8396977
Brajrajnagar,Odisha,2023-06,34.35452095808382,,34.038518005540205,,,107.51232784431136,4.381122754491111,21.8004996,83.8396977
Brajrajnagar,Odisha,2023-07,30.00186379928317,,41.12129568106312,,,107.33832735961764,4.34437275985669,21.8004996,83.8396977
Brajrajnagar,Odisha,2023-08,27.51734591194973,,21.43240585774056,,,107.36177358490566,4.352949685534701,21.8004996,83.8396977
Brajrajnagar,Odisha,2023-09,27.55853395061728,,19.349014492753614,,,170.67483024691353,9.731720679012389,21.8004996,83.8396977
Brajrajnagar,Odisha,2023-10,25.71561371841157,,26.276276124129208,,,319.1765824308063,25.449434416365797,21.8004996,83.8396977
Brajrajnagar,Odisha,2023-11,22.1498004640371,,33.805660036166415,,,321.06546300398736,23.33907399202489,21.8004996,83.8396977
Brajrajnagar,Odisha,2023-12,20.081995661605227,,37.43915209790202,,,186.4907725631769,20.656842485548665,21.8004996,83.8396977
Chandigarh,Chandigarh,2023-01,21.245928346419507,,114.9257073212624,0.0092038065169856,,209.25250980634704,0.521278879629061,30.73562933333333,76.75907666666666
Chandigarh,Chandigarh,2023-02,25.29767798562943,,82.56311197621203,0.0024965704782733,,218.09733828890515,0.6232255786508265,30.73562933333333,76.75907666666666
Chandigarh,Chandigarh,2023-03,27.45410318762983,,54.56228980364525,0.0191383915909753,,207.34071576591808,0.5751587739546212,30.73562933333333,76.75907666666666
Chandigarh,Chandigarh,2023-04,30.459760370357927,,38.21044062567597,0.0065736340967542,,187.8927249861603,0.5910460657012243,30.73562933333333,76.75907666666666
Chandigarh,Chandigarh,2023-05,31.9539466678189,,46.21032469484248,0.1710938306955346,,177.46413650396735,0.6054011109062717,30.73562933333333,76.75907666666666
Chandigarh,Chandigarh,2023-06,33.240709620892005,,31.050869651438333,0.024077641271967,,194.50635934337004,0.5546189114685373,30.73562933333333,76.75907666666666
Chandigarh,Chandigarh,2023-07,32.726344919767655,,25.49400953488889,0.151979965367316,,150.8310596112985,0.578397738199844,30.73562933333333,76.75907666666666
Chandigarh,Chandigarh,2023-08,30.312777057758694,,35.572016016972896,0.0562444920028329,,212.57434813375733,0.4841053017092662,30.73562933333333,76.75907666666666
Chandigarh,Chandigarh,2023-09,28.257631976265927,,39.08808059335393,0.013571318677944,,197.75364058588696,0.4280181707944916,30.73562933333333,76.75907666666666
Chandigarh,Chandigarh,2023-10,23.174766335193976,,55.07089790072197,0.0029254566846919,,178.29985779244086,0.3774963064713113,30.73562933333333,76.75907666666666
Chandigarh,Chandigarh,2023-11,18.63840960194453,,86.39326955718343,0.0366832052045392,,157.29002806048496,0.285582605941086,30.73562933333333,76.75907666666666
Chandigarh,Chandigarh,2023-12,13.748473877315108,,111.2038014177662,0.0008014789361538,,184.70333651106247,0.3049430716301489,30.73562933333333,76.75907666666666
Chikkaballapur,Karnataka,2023-01,19.508551068883552,712.240257539817,53.47567199727799,,,193.6657627118644,,13.428828,77.731418
Chikkaballapur,Karnataka,2023-02,21.942306252339858,711.9289719626169,55.157510564733,,,175.22317757009347,,13.428828,77.731418
Chikkaballapur,Karnataka,2023-03,23.918588399720456,710.7213687150838,35.62663085188028,,,197.6951815642458,,13.428828,77.731418
Chikkaballapur,Karnataka,2023-04,26.292765042979887,709.2385190459238,33.30245331380447,,,204.3236027055892,,13.428828,77.731418
Chikkaballapur,Karnataka,2023-05,26.836357039187245,708.8379888268156,21.58233082706767,,,160.98249534450653,,13.428828,77.731418
Chikkaballapur,Karnataka,2023-06,25.12194334887048,707.3240043057051,12.418272937548188,,,133.0172228202368,,13.428828,77.731418
Chikkaballapur,Karnataka,2023-07,22.483729619565263,708.104800540906,7.588748019017433,,,132.15753887762003,,13.428828,77.731418
Chikkaballapur,Karnataka,2023-08,24.371553228621234,708.171601615074,13.20834959032384,,,139.03028263795423,,13.428828,77.731418
Chikkaballapur,Karnataka,2023-09,23.194030433086198,707.5686503306107,16.675690607734808,,,132.8094126798911,,13.428828,77.731418
Chikkaballapur,Karnataka,2023-10,24.013789398280853,711.1458258688642,49.41525103812759,,,172.31744894303117,,13.428828,77.731418
Chikkaballapur,Karnataka,2023-11,22.04289973909804,711.8258280610346,35.7509778357236,,,187.48771407297096,,13.428828,77.731418
Chikkaballapur,Karnataka,2023-12,20.80971210544583,712.3206106870228,43.3566229985444,,,176.92192921582236,,13.428828,77.731418
Dehradun,Uttarakhand,2023-01,12.807578378378388,803.4271135135077,70.86884875846499,,,209.69156756756723,1.364994594594591,30.269444,78.044167
Dehradun,Uttarakhand,2023-02,17.01100887435773,800.2501774871528,31.352113402061864,,,193.40619803830015,1.193432975245197,30.269444,78.044167
Dehradun,Uttarakhand,2023-03,19.44997647849464,801.0763272849512,20.32964550979065,,,197.10077620967783,1.5964516129032225,30.269444,78.044167
Dehradun,Uttarakhand,2023-04,23.455535396656074,801.7685663464994,30.009464544138936,,,198.3153006047668,1.7043258626823277,30.269444,78.044167
Dehradun,Uttarakhand,2023-05,25.520910641200544,800.6611903137863,32.75652173913046,,,186.76368008185523,1.6386323328785728,30.269444,78.044167
Dehradun,Uttarakhand,2023-06,27.93455469845719,800.7816199158365,22.946208943411197,,,197.3062166900422,1.6176788218793992,30.269444,78.044167
Dehradun,Uttarakhand,2023-07,27.047521079258008,802.342445193917,12.727471590909056,,,183.96874648679005,1.3577346824058534,30.269444,78.044167
Dehradun,Uttarakhand,2023-08,26.924215918045697,801.0735342789338,21.90886326194396,,,181.9329984239558,1.3425413711584084,30.269444,78.044167
Dehradun,Uttarakhand,2023-09,26.96569644208936,801.0815859197347,28.5300369198313,,,186.2939288417864,1.0978274034821924,30.269444,78.044167
Dehradun,Uttarakhand,2023-10,22.17736733001657,800.6521766169109,37.705804471722985,,,188.7843656716414,1.0916873963515767,30.269444,78.044167
Dehradun,Uttarakhand,2023-11,17.757391304347806,800.3053982608812,55.08275539568339,,,183.99913043478224,0.8317460869565222,30.269444,78.044167
Dehradun,Uttarakhand,2023-12,13.895111111111104,800.4131313131352,68.2191319207108,,,186.7953501683503,0.7869494949494916,30.269444,78.044167
Delhi,Delhi,2023-01,12.93742819831708,972.809792798568,178.3548121901552,0.0073076238768508,0.0454984609269634,180.03298285493068,0.9381157691622348,28.63932476756757,77.17891518378379
Delhi,Delhi,2023-02,18.20497558091497,958.4393775345916,115.54249025421382,0.0116910643716892,-0.1569528068761851,190.67608153323005,1.0044905861247808,28.63932476756757,77.17891518378379
Delhi,Delhi,2023-03,21.460429727215523,967.9566717468334,76.77285940214199,0.0177163658772817,0.0559194344612903,180.8954061930065,0.9738435755303908,28.63932476756757,77.17891518378379
Delhi,Delhi,2023-04,27.287544231684635,964.0717227988127,69.4860377360894,0.0022897951923151,-0.0675835615751965,181.87795309576344,0.9766930776162548,28.63932476756757,77.17891518378379
Delhi,Delhi,2023-05,30.82414324698421,960.6119874831112,66.72803392343737,0.0212755817616846,0.1677119046048229,179.7018834108271,1.174488735844474,28.63932476756757,77.17891518378379
Delhi,Delhi,2023-06,32.541826110534494,957.1728650337772,45.43967701999696,0.0263892709280481,-0.0545069024348496,184.3233085879084,1.1632500338871208,28.63932476756757,77.17891518378379
Delhi,Delhi,2023-07,31.40810756119312,959.6935839164933,35.38303789137206,0.0767136736432391,0.1538773851252252,155.79939623965373,1.0927946362834329,28.63932476756757,77.17891518378379
Delhi,Delhi,2023-08,31.69094484666647,960.6361130092192,38.6709475769582,0.0223881962238628,0.0661787588446451,197.3307067393623,0.9770253829535784,28.63932476756757,77.17891518378379
Delhi,Delhi,2023-09,30.87798009135254,963.9364774925024,42.133765347072895,0.0310500039138131,0.0500291200838069,171.10787331016644,0.9061951587425732,28.63932476756757,77.17891518378379
Delhi,Delhi,2023-10,28.033765548246155,962.3825164577256,103.3080012509049,0.0054635132395401,0.1514637503516782,183.9542865502584,0.6737384478788223,28.63932476756757,77.17891518378379
Delhi,Delhi,2023-11,21.47961708799484,968.9904280903498,239.69413603498617,0.0028574289941289,0.1117988889865446,169.85849677081845,0.5127726927050718,28.63932476756757,77.17891518378379
Delhi,Delhi,2023-12,15.022741080517608,963.9706829799616,200.8521281358605,0.0009175932404379,0.0983368427830578,175.10505284791537,0.5800250341916947,28.63932476756757,77.17891518378379
Durgapur,West Bengal,2023-01,18.09675417661101,1016.1462167689152,80.98272695408362,0.0226466575716235,0.0795366269165264,157.8688156539648,0.485001707067258,23.5404352,87.2892225
Durgapur,West Bengal,2023-02,22.12136758594637,1013.626132930512,87.47662987780838,0.0156344410876133,0.074850887127219,230.0219224924007,0.4374546142208772,23.5404352,87.2892225
Durgapur,West Bengal,2023-03,25.933169312169287,1002.4943486238564,63.829301170627886,0.0382299601015597,0.0698829604130819,115.18250821467682,0.5432300401020763,23.5404352,87.2892225
Durgapur,West Bengal,2023-04,30.266447811447783,1008.145326435955,58.77703458425304,0.6031383737517837,-0.1638098616530683,138.32874063503368,0.4795253390435404,23.5404352,87.2892225
Durgapur,West Bengal,2023-05,31.583632224168102,1005.6184302732952,39.67921348314616,0.0541374474053295,-0.2726715686274489,137.1741159929701,0.4654852320675104,23.5404352,87.2892225
Durgapur,West Bengal,2023-06,34.298850210970464,1002.8173347398032,35.601039008385,0.0,-0.4103517411185342,131.7800000000001,0.5300457746478864,23.5404352,87.2892225
Durgapur,West Bengal,2023-07,32.92485928705439,1002.5824413145552,20.70229411764708,0.034981343283582,-0.5760985915492877,116.78373722627744,0.5336739659367398,23.5404352,87.2892225
Durgapur,West Bengal,2023-08,30.37202812731314,1000.3108881456706,34.34223886328732,0.0836863619472313,-0.8858513011152366,151.1604087699741,0.485472118959109,23.5404352,87.2892225
Durgapur,West Bengal,2023-09,28.731280323450168,997.187965873372,22.14619000979434,0.0682226211849191,-0.5723418573351323,142.47659488559887,0.3338589398023364,23.5404352,87.2892225
Durgapur,West Bengal,2023-10,28.29713787085514,1004.8683182135376,40.36245907473311,0.0295184926727146,-0.3036192468619227,121.4184462290504,0.4025741192884523,23.5404352,87.2892225
Durgapur,West Bengal,2023-11,23.4018932748538,1010.5136845956852,54.91410917361655,0.0154183412495433,-0.0168898646176365,132.03578159240286,0.4040894100403059,23.5404352,87.2892225
Durgapur,West Bengal,2023-12,19.28301610017889,1014.4038255273524,54.60538999264149,0.0076565295169946,0.1321745350500713,140.5576457960646,0.4458897243107723,23.5404352,87.2892225
Eloor,Kerala,2023-01,29.130211480362604,,38.50395418927059,0.0,,152.9882669082125,0.7188929219600733,10.073232,76.302765
Eloor,Kerala,2023-02,31.30148770245948,,33.86721822541967,0.0,,154.52287515006006,0.7504389657245939,10.073232,76.302765
Eloor,Kerala,2023-03,31.512692840646668,,43.238691244239625,0.0,,167.8060875576039,0.8202028584601225,10.073232,76.302765
Eloor,Kerala,2023-04,33.78544340723458,,33.55747957992997,0.0,,183.92788551401875,0.9831834112149545,10.073232,76.302765
Eloor,Kerala,2023-05,31.604794026776503,,35.69682939362792,0.0,,179.51973751930018,0.9727637673700468,10.073232,76.302765
Eloor,Kerala,2023-06,30.637196132596703,,31.08296551724134,0.0466712422786547,,179.39250690607724,0.8207660455486531,10.073232,76.302765
Eloor,Kerala,2023-07,29.230962059620712,,29.579175675675657,0.3472919418758259,,216.9429141311696,0.9828503723764372,10.073232,76.302765
Eloor,Kerala,2023-08,30.30985787379187,,28.378596590909083,0.0006655574043261,,230.43989161437528,1.13249002849003,10.073232,76.302765
Eloor,Kerala,2023-09,29.268178550029926,,19.39663484486874,0.1517772511848341,,168.26863745498233,0.7556945279615145,10.073232,76.302765
Eloor,Kerala,2023-10,30.90212927756655,,23.971581749049445,0.8472834067547725,,157.18640732265447,0.7199542334096112,10.073232,76.302765
Eloor,Kerala,2023-11,31.735416666666666,,25.352938949361008,0.8823119083208781,,147.99374706158903,0.7162875939849619,10.073232,76.302765
Eloor,Kerala,2023-12,31.761358811040395,,13.398836962294215,0.0,,129.90198885793862,0.7341926503340757,10.073232,76.302765
Gangtok,Sikkim,2023-01,11.120390401146112,,44.83948519515481,0.0003461021505376,,149.0988468468467,0.6053081081081082,27.33853,88.614099
Gangtok,Sikkim,2023-02,12.669616240266976,,50.99885660138983,0.027077922077922,,158.34541806020053,0.5968617614269782,27.33853,88.614099
Gangtok,Sikkim,2023-03,14.58093664982508,,28.73079207920779,0.1357835964574507,,151.15148076175623,0.6867664205207931,27.33853,88.614099
Gangtok,Sikkim,2023-04,17.252789683981106,,11.613849947164452,0.1322187499999995,,150.71789377955602,0.7357002546380507,27.33853,88.614099
Gangtok,Sikkim,2023-05,17.142125639152685,,5.649919393077298,0.1233981576253836,,143.3656184798807,0.6978763040238442,27.33853,88.614099
Gangtok,Sikkim,2023-06,20.06334217506625,,4.083504672897187,0.1662124624624621,,163.7574661246614,0.5335704607046075,27.33853,88.614099
Gangtok,Sikkim,2023-07,20.01030472636816,,2.765347776510831,0.1663474462365588,,162.88930158730133,0.4816761904761901,27.33853,88.614099
Gangtok,Sikkim,2023-08,20.063406250000003,,3.642097690268838,0.089372949325556,,150.87572784810123,0.4503902953586493,27.33853,88.614099
Gangtok,Sikkim,2023-09,19.499807692307687,,7.051973154362417,0.0018923611111111,,136.4682692307692,0.4825,27.33853,88.614099
Gangtok,Sikkim,2023-10,18.62467899159668,,7.556600349040147,0.0480941176470589,,153.09877310924378,0.5777714285714284,27.33853,88.614099
Gangtok,Sikkim,2023-11,16.540791941646457,,7.457937584803233,0.001028134769017,,149.58219173324102,0.5872664119485926,27.33853,88.614099
Gangtok,Sikkim,2023-12,13.221965725806436,,9.008018303414277,0.004075940860215,,144.1235349462367,0.5684442204301074,27.33853,88.614099
Hassan,Karnataka,2023-01,21.418125255832987,,41.23178807947021,,,133.33209987720014,0.7262218583708487,13.008556,76.125258
Hassan,Karnataka,2023-02,23.692308059132117,,42.44012965050733,,,117.68956127801626,1.1714449213161613,13.008556,76.125258
Hassan,Karnataka,2023-03,24.362558139534915,,40.85237967914435,,,181.47489897064463,1.1230804422417051,13.008556,76.125258
Hassan,Karnataka,2023-04,25.9469411262798,,35.19806533945893,,,206.6683191126279,1.0770520477815693,13.008556,76.125258
Hassan,Karnataka,2023-05,25.352058383233533,,24.1023659574468,,,236.3972005988024,1.1709805389221548,13.008556,76.125258
Hassan,Karnataka,2023-06,24.190533625730986,,16.183495531281036,,,268.9634795321639,1.3441008771929803,13.008556,76.125258
Hassan,Karnataka,2023-07,22.08850809289232,,15.201975841242456,,,278.27691766361687,1.245735397607319,13.008556,76.125258
Hassan,Karnataka,2023-08,23.02566296538209,,15.048461021505382,,,268.9783474853038,1.063768778576092,13.008556,76.125258
Hassan,Karnataka,2023-09,22.977960563380297,,15.264073239436623,,,266.22985352112653,1.0794929577464756,13.008556,76.125258
Hassan,Karnataka,2023-10,24.182773417059146,,39.30014910025709,,,160.30225013082134,0.7739926739926671,13.008556,76.125258
Hassan,Karnataka,2023-11,23.57148114901257,,31.974956970740102,,,241.0909739676838,1.2574551166965882,13.008556,76.125258
Hassan,Karnataka,2023-12,22.41661563255438,,35.19171428571428,,,118.86622884770333,1.156269137792102,13.008556,76.125258
Hyderabad,Telangana,2023-01,23.737203608829606,721.8929235643976,50.02865128130066,0.267066548437088,-0.8596884140026309,142.90879171723742,0.6843390504450284,17.471315235714286,78.38687030000001
Hyderabad,Telangana,2023-02,26.23047998510244,720.1823855676148,49.07600938398678,0.0037549491377792,-0.7746379440983324,139.37990880512226,0.6867645251488724,17.471315235714286,78.38687030000001
Hyderabad,Telangana,2023-03,26.728145090230115,717.944432546026,43.20666170180395,0.0151695950414187,-0.7843260747182296,164.35349506809095,0.750745869793213,17.471315235714286,78.38687030000001
Hyderabad,Telangana,2023-04,28.918445500686172,714.8270166594452,43.79299782607034,0.0267992156695905,-0.801941656956442,170.9802724114726,0.794860901655188,17.471315235714286,78.38687030000001
Hyderabad,Telangana,2023-05,30.141553798392756,715.9832966273865,38.74375039500837,0.2834082445948631,-1.065180136838737,200.87231013082777,0.7556142100198121,17.471315235714286,78.38687030000001
Hyderabad,Telangana,2023-06,29.834399573242766,715.1297543930776,30.32703111718748,0.7158196083962592,-0.8806134120067801,236.36246041677057,1.097541660795881,17.471315235714286,78.38687030000001
Hyderabad,Telangana,2023-07,25.16299814837789,708.3390766397416,25.67871824950864,0.1236242253022293,-0.4518703832688808,220.44352895166008,1.2562464507313555,17.471315235714286,78.38687030000001
Hyderabad,Telangana,2023-08,26.548644288255527,711.7817413236339,31.33080182654937,0.0624026025318958,-0.4211263784686511,213.0964050137539,0.95982522821196,17.471315235714286,78.38687030000001
Hyderabad,Telangana,2023-09,25.975598905366454,712.2665190541715,26.3608217587598,0.1518318970852796,-0.5215455534707754,208.9689296630722,0.8964856441017839,17.471315235714286,78.38687030000001
Hyderabad,Telangana,2023-10,26.6645273553365,714.3640224895033,40.503868779581296,0.0035812314150456,-0.7997577872438988,161.81040510001057,0.6957611389319667,17.471315235714286,78.38687030000001
Hyderabad,Telangana,2023-11,25.5484159371624,714.8625718401463,41.46960283705982,0.0204392642728919,-0.9509452341909156,142.0590301788328,0.6836178362683022,17.471315235714286,78.38687030000001
Hyderabad,Telangana,2023-12,23.421640341350017,716.19645922076,42.94560497156814,0.0024047839789954,-0.5668802433912571,154.40774374819196,0.6789129707345695,17.471315235714286,78.38687030000001
Indore,Madhya Pradesh,2023-01,18.094881355932262,704.6591298389859,37.40150736553614,0.0001694915254237,,133.1864406779661,1.1171864406779757,22.431,75.5213
Indore,Madhya Pradesh,2023-02,22.825195385187936,703.9639002605136,36.94214259051885,0.0,,163.5126582278481,0.7582061778935467,22.431,75.5213
Indore,Madhya Pradesh,2023-03,26.15794957983183,703.6754433100483,28.58811544991511,0.0021512605042016,,184.28201680672268,0.9488403361344564,22.431,75.5213
Indore,Madhya Pradesh,2023-04,29.66659641728137,701.7445346658338,28.02190812720848,0.0175623463294696,,206.23779416930105,0.974358974358974,22.431,75.5213
Indore,Madhya Pradesh,2023-05,31.73017651052269,700.6804619826756,23.847207947927373,0.0152410047522063,,224.4063136456212,1.229226069246439,22.431,75.5213
Indore,Madhya Pradesh,2023-06,30.419933308632928,700.1818181818181,28.434313360625232,0.0422008151167099,,263.91811782141536,1.8194886995183448,22.431,75.5213
Indore,Madhya Pradesh,2023-07,26.63707401032705,,27.98111888111888,0.1449415003441155,,252.64956970740104,1.40671256454389,22.431,75.5213
Indore,Madhya Pradesh,2023-08,25.395630252100894,700.1909090909091,30.779198922921577,0.0263193277310924,,271.2904201680672,1.7178151260504213,22.431,75.5213
Indore,Madhya Pradesh,2023-09,26.087557411273465,700.2857142857143,32.30083682008368,0.241544885177453,,230.29144050104384,1.388559498956178,22.431,75.5213
Indore,Madhya Pradesh,2023-10,27.277747899159674,703.4447806354009,63.703429724277065,0.0,,199.87495798319327,0.7895798319327778,22.431,75.5213
Indore,Madhya Pradesh,2023-11,23.31435557107933,704.785464709993,101.25211267605634,0.0225017470300489,,126.37163814180929,0.6621942697414306,22.431,75.5213
Indore,Madhya Pradesh,2023-12,20.18621848739496,705.4309243697479,81.45008403361345,0.0003025210084033,,112.55193277310924,0.7149243697478895,22.431,75.5213
Jalandhar,Punjab,2023-01,,,75.69860142348753,,,,,31.321907,75.578914
Jalandhar,Punjab,2023-02,,,56.92204137392668,,,,,31.321907,75.578914
Jalandhar,Punjab,2023-03,,,42.75354781997192,,,,,31.321907,75.578914
Jalandhar,Punjab,2023-04,,,40.75228736880232,,,,,31.321907,75.578914
Jalandhar,Punjab,2023-05,,,39.779472370766506,,,,,31.321907,75.578914
Jalandhar,Punjab,2023-06,,,35.306836431226735,0.0287485907553551,,,,31.321907,75.578914
Jalandhar,Punjab,2023-07,,,29.34671038251362,0.1341019417475728,,,,31.321907,75.578914
Jalandhar,Punjab,2023-08,,,32.71883420593361,0.0671152518978605,,,,31.321907,75.578914
Jalandhar,Punjab,2023-09,,,31.40242059145681,0.0348795397339086,,,,31.321907,75.578914
Jalandhar,Punjab,2023-10,,,52.52343411720826,0.0142752562225475,,,,31.321907,75.578914
Jalandhar,Punjab,2023-11,,,103.80018148148118,0.0098839318099383,,12.07,,31.321907,75.578914
Jalandhar,Punjab,2023-12,,,79.7102847222224,0.0009535367545076,,,,31.321907,75.578914
Jind,Haryana,2023-01,,,80.4592894863178,0.0,,211.54807244501956,0.8488390159689256,29.307814,76.337619
Jind,Haryana,2023-02,,,59.53839506172847,0.0,,218.7694051321929,1.1098090413094297,29.307814,76.337619
Jind,Haryana,2023-03,,,39.46661073825503,0.0,,190.25259776536345,0.8994362255097984,29.307814,76.337619
Jind,Haryana,2023-04,,,45.65522071307295,0.0001977066034005,,208.78723597359752,0.9858636363636384,29.307814,76.337619
Jind,Haryana,2023-05,,,58.31608730800318,0.0,,201.4918956456454,1.1401614720240345,29.307814,76.337619
Jind,Haryana,2023-06,,,41.682216603455466,0.0,,193.3136294608955,1.115142531356898,29.307814,76.337619
Jind,Haryana,2023-07,,,33.18407041648767,0.0,,134.54284095202095,0.8815047258979211,29.307814,76.337619
Jind,Haryana,2023-08,,,33.549877250409295,0.0,,215.57009255533248,1.174909383809906,29.307814,76.337619
Jind,Haryana,2023-09,,,25.17336206896553,0.0,,160.38385209264496,0.8210316815597073,29.307814,76.337619
Jind,Haryana,2023-10,,,99.01997640581982,0.0009130752373995,,211.23350870552648,0.7041408024224065,29.307814,76.337619
Jind,Haryana,2023-11,,,176.98125264494328,0.0173801683132089,,187.92540693293188,0.507015885022692,29.307814,76.337619
Jind,Haryana,2023-12,,,81.68867086264362,0.0003575259206292,,207.9422487160677,0.644983486238532,29.307814,76.337619
Jodhpur,Rajasthan,2023-01,,737.3799583188606,67.23255839022637,,0.073281412253375,89.01139332870045,0.936888888888888,26.268249,73.0193853
Jodhpur,Rajasthan,2023-02,,761.1590086546041,87.68265322912363,,0.0660596546310832,161.39175452399678,0.8998346456692924,26.268249,73.0193853
Jodhpur,Rajasthan,2023-03,,765.7922212618847,63.82499788225325,,0.5318983291859203,150.2655246252678,0.9445642857142852,26.268249,73.0193853
Jodhpur,Rajasthan,2023-04,,,85.80680451127814,,0.976146167557938,183.32839068100387,0.926639138240572,26.268249,73.0193853
Jodhpur,Rajasthan,2023-05,,,83.45542147806002,,0.9937124690921962,209.38118313850515,0.9344515215852802,26.268249,73.0193853
Jodhpur,Rajasthan,2023-06,,768.9057142857137,57.35572805139195,,0.9396948077685288,224.4249282296658,0.9524800319488836,26.268249,73.0193853
Jodhpur,Rajasthan,2023-07,,,51.23874999999978,,0.9652953661124932,218.7610024884463,0.9216435432230532,26.268249,73.0193853
Jodhpur,Rajasthan,2023-08,,,44.18107155963293,,0.7877252173912868,236.90737208492908,0.922168002788426,26.268249,73.0193853
Jodhpur,Rajasthan,2023-09,,,49.937697183098685,,0.4764914914915054,191.93624749498989,0.9015480961923844,26.268249,73.0193853
Jodhpur,Rajasthan,2023-10,,,65.52034305317322,,0.5953962784286764,184.474451724138,0.9119551724137908,26.268249,73.0193853
Jodhpur,Rajasthan,2023-11,,,102.41320639756282,,0.7838935870331148,109.01213380281686,0.9620676294469886,26.268249,73.0193853
Jodhpur,Rajasthan,2023-12,,,87.07168620378705,,0.6114195361911484,96.91144616467253,0.966927138331572,26.268249,73.0193853
Kanchipuram,Tamil Nadu,2023-01,25.113951241950343,1003.4671757129704,34.84228292682923,,,188.33566237350536,0.9809797608095676,12.864618,79.659968
Kanchipuram,Tamil Nadu,2023-02,26.569834303627367,1002.5099731303184,39.52680978960916,,,177.663434841021,1.1023690103000432,12.864618,79.659968
Kanchipuram,Tamil Nadu,2023-03,28.314604519774075,1001.2173163841818,28.215619573796346,,,170.04400726392214,1.428716707021792,12.864618,79.659968
Kanchipuram,Tamil Nadu,2023-04,30.541735281097843,998.9400929614868,25.189763113367174,,,165.88861443116429,1.60999114652501,12.864618,79.659968
Kanchipuram,Tamil Nadu,2023-05,31.552608926673795,997.0600637958509,24.67131201764062,,,189.11249335459848,1.3238011695906446,12.864618,79.659968
Kanchipuram,Tamil Nadu,2023-06,31.73256959314777,994.9356423982878,18.043202336696694,,,217.11749999999992,1.5110974304068523,12.864618,79.659968
Kanchipuram,Tamil Nadu,2023-07,29.859105211406117,995.1636037364808,14.19099951946183,,,226.08239429695195,1.501479842674534,12.864618,79.659968
Kanchipuram,Tamil Nadu,2023-08,30.59247880299251,996.7196159600986,18.803248502994037,,,197.50237905236924,1.3040399002493754,12.864618,79.659968
Kanchipuram,Tamil Nadu,2023-09,29.755009784735783,995.050645792563,10.704596774193536,,,218.91270058708423,1.4175342465753424,12.864618,79.659968
Kanchipuram,Tamil Nadu,2023-10,30.48253012048194,993.56156626506,26.057925696594385,,,189.92409638554213,1.4413253012048188,12.864618,79.659968
Kanchipuram,Tamil Nadu,2023-11,25.63198675496689,996.9145253863138,15.204269557021638,,,193.94664459161143,1.370662251655629,12.864618,79.659968
Kanchipuram,Tamil Nadu,2023-12,29.98728723404253,1001.0638829787227,29.11040768782756,,,140.58452127659572,1.083563829787234,12.864618,79.659968
Khurja,Uttar Pradesh,2023-01,13.616453781512616,747.8226521008412,89.99168084382451,0.027016129032258,,150.75569528415957,0.432031249999999,28.2348927,77.8683002
Khurja,Uttar Pradesh,2023-02,20.062798647633365,745.5915514650623,62.311986677116025,0.0024301155423033,,191.85933858957537,0.7525185508511518,28.2348927,77.8683002
Khurja,Uttar Pradesh,2023-03,24.15065888554216,744.5567507530128,54.14943847072881,0.0414055216923628,,156.752784697509,0.5526577777777749,28.2348927,77.8683002
Khurja,Uttar Pradesh,2023-04,28.50183583730305,741.7898644191988,47.23880969875086,0.0201667824878387,,151.5230051150893,0.5397016197783453,28.2348927,77.8683002
Khurja,Uttar Pradesh,2023-05,30.931720981325544,739.8834492859772,48.13713948919455,0.0067360874018436,,145.9143369474562,0.5252914238134859,28.2348927,77.8683002
Khurja,Uttar Pradesh,2023-06,32.64265952890794,736.4100685224847,52.18024401064774,0.0,,161.85860819828375,0.5944201520912503,28.2348927,77.8683002
Khurja,Uttar Pradesh,2023-07,31.06900254823445,736.2238005096475,48.59698382850687,0.0,,79.10218543046362,0.2885336637752979,28.2348927,77.8683002
Khurja,Uttar Pradesh,2023-08,31.264439522998188,736.6056422487227,54.239030576789375,0.0,,173.98472101305873,0.5238215554678218,28.2348927,77.8683002
Khurja,Uttar Pradesh,2023-09,30.4419739224918,738.8147482796093,58.80052414825901,0.0,,106.1736306954438,0.3621032504780089,28.2348927,77.8683002
Khurja,Uttar Pradesh,2023-10,26.84441113490365,743.7833333333325,63.93697533206855,0.0,,160.90349320543575,0.4942298483639246,28.2348927,77.8683002
Khurja,Uttar Pradesh,2023-11,21.088407017543854,746.8146701754375,69.65963719619602,0.0,,118.18569963369956,0.3146676406135857,28.2348927,77.8683002
Khurja,Uttar Pradesh,2023-12,16.497891737891745,747.8805413105433,58.22763943864679,0.0,,126.19875912408756,0.2998905109489051,28.2348927,77.8683002
Kohima,Nagaland,2023-01,15.572214650766616,853.2015529010247,43.11180016515275,0.0,,184.12078364565596,1.071245733788394,25.6635413,94.0989878
Kohima,Nagaland,2023-02,15.425688269951774,852.5660986066429,63.081804627249376,0.0,,186.2064167113017,1.0000428954423592,25.6635413,94.0989878
Kohima,Nagaland,2023-03,17.60733402489627,853.3954771784234,63.03356933235509,0.0,,176.24607883817416,0.993820885200553,25.6635413,94.0989878
Kohima,Nagaland,2023-04,20.913127871362917,851.5046648793559,43.09737439930101,0.0,,179.40205589586532,1.0644712643678151,25.6635413,94.0989878
Kohima,Nagaland,2023-05,21.22245694200352,850.9253567662578,31.00658022690437,0.0,,165.38026362038664,1.1868354430379744,25.6635413,94.0989878
Kohima,Nagaland,2023-06,22.269451754385976,848.2025584795331,24.514987298899246,0.0,,160.25327850877176,0.896079795021962,25.6635413,94.0989878
Kohima,Nagaland,2023-07,22.2831324278438,849.3639643463499,13.814275862068971,0.0,,166.17825976230887,0.6739983022071308,25.6635413,94.0989878
Kohima,Nagaland,2023-08,21.85240149315637,844.7812650352544,15.806661211129292,0.5354163424124503,,191.42622821576825,0.8188257261410788,25.6635413,94.0989878
Kohima,Nagaland,2023-09,23.03311359867332,847.0239179104482,14.10193697156035,0.3606570199452472,,194.92524066390035,1.2141535269709574,25.6635413,94.0989878
Kohima,Nagaland,2023-10,20.407948436642883,850.084465167306,18.45884087791495,0.107719852553976,,177.3057871640148,0.90566099835436,25.6635413,94.0989878
Kohima,Nagaland,2023-11,17.539986388384754,851.7513566243199,28.275182397220554,0.154834638816362,,150.02959128065433,0.8946003633060865,25.6635413,94.0989878
Kohima,Nagaland,2023-12,14.473646379853122,850.6580954879348,36.11368456832092,0.0806515100101799,,147.38096537250811,0.9140923399790144,25.6635413,94.0989878
Kolkata,West Bengal,2023-01,20.26818010253461,1011.4422390452409,101.56478401284214,8.463334151407546e-05,0.1504167571470115,181.82470823165312,0.7968309434041547,22.551138054285712,88.36544698142858
Kolkata,West Bengal,2023-02,24.177998515814355,1009.0003411032188,60.4191411155198,0.0010665705399852,0.1552389705308157,203.838830951871,0.9692930816945776,22.551138054285712,88.36544698142858
Kolkata,West Bengal,2023-03,27.456331486830003,1007.6415443487132,44.59137378685568,0.0111591228918172,0.1495126582368335,191.3123300721508,1.583512298362032,22.551138054285712,88.36544698142858
Kolkata,West Bengal,2023-04,30.762652781240057,1003.6259736777832,40.428272626535694,0.0295300679206074,0.1487317118185754,207.48877453659705,1.0847030377896325,22.551138054285712,88.36544698142858
Kolkata,West Bengal,2023-05,30.498894624486752,1001.7823609541032,27.27615620406483,0.0239839616805003,0.1355384921952442,179.8144985136634,1.2522512255144729,22.551138054285712,88.36544698142858
Kolkata,West Bengal,2023-06,30.7246441736274,997.0730352635552,24.218231609017604,0.0660686162851808,0.142247480589367,167.05420763985208,1.2999790543601046,22.551138054285712,88.36544698142858
Kolkata,West Bengal,2023-07,29.650229244215048,997.7344180962284,12.54502018553472,0.0719695628765355,0.1619690012687338,144.66483299527542,1.905574218440449,22.551138054285712,88.36544698142858
Kolkata,West Bengal,2023-08,29.085084773082603,998.2199684852508,29.894959905926964,0.1254766400922978,0.1572893492566047,204.8078220899611,2.2876162603935244,22.551138054285712,88.36544698142858
Kolkata,West Bengal,2023-09,28.908878308767253,997.4514416035188,19.005007829875563,0.1171198261233282,0.1554235097145488,154.60639672216743,1.0916101621426182,22.551138054285712,88.36544698142858
Kolkata,West Bengal,2023-10,28.279959694898103,1006.0230302697302,48.71639679684737,0.0487702575011812,0.1655834110645135,193.1096874281461,0.5998644081234819,22.551138054285712,88.36544698142858
Kolkata,West Bengal,2023-11,25.64064285560363,1011.468908935496,78.19810989461295,0.0010871295660794,0.1681960610535215,202.04073002274907,0.5478174229221767,22.551138054285712,88.36544698142858
Kolkata,West Bengal,2023-12,21.48577947169667,1004.3575117498418,81.98872647517614,0.0069030339613908,0.1607489590293978,210.8509047889955,0.6085838105076418,22.551138054285712,88.36544698142858
Kunjemura,Chhattisgarh,2023-01,25.746293604651186,,29.746881559220338,0.0,,165.51476744186024,0.2837063953488368,22.12665,83.483212
Kunjemura,Chhattisgarh,2023-02,24.459822306238134,,24.5853641066454,0.0,,183.2447503782148,0.3706053726825577,22.12665,83.483212
Kunjemura,Chhattisgarh,2023-03,28.65837381916334,,25.778688327316523,0.0053306342780026,,178.23117905405388,0.4022687373396345,22.12665,83.483212
Kunjemura,Chhattisgarh,2023-04,36.36181784524248,,8.65138443935928,0.0044427989633469,,187.2055353834751,0.4565233506300958,22.12665,83.483212
Kunjemura,Chhattisgarh,2023-05,39.78021233569268,,14.082245037645452,0.0064516129032258,,188.7685474108946,0.4654991596638659,22.12665,83.483212
Kunjemura,Chhattisgarh,2023-06,40.96364840673108,,15.272145397076212,0.1003579098067285,,198.65528990694384,0.5089899713467049,22.12665,83.483212
Kunjemura,Chhattisgarh,2023-07,32.87481182795702,,14.592445679636132,0.0754032258064515,,181.40863529411783,0.4350235215053764,22.12665,83.483212
Kunjemura,Chhattisgarh,2023-08,32.057775043936736,,5.734154642989275,0.1115641476274161,,218.19094299788904,0.4417516707703136,22.12665,83.483212
Kunjemura,Chhattisgarh,2023-09,30.249792783136897,,6.383214946355888,0.129832082886745,,184.80380185979973,0.3275536480686695,22.12665,83.483212
Kunjemura,Chhattisgarh,2023-10,27.79339785689588,,23.08178421787717,0.0348427238161078,,192.8668879668053,0.3104427533725355,22.12665,83.483212
Kunjemura,Chhattisgarh,2023-11,28.08229331117576,,30.37146763901548,0.0031574574158703,,165.89126508531038,0.1639126819126813,22.12665,83.483212
Kunjemura,Chhattisgarh,2023-12,25.596961344537757,,33.75233691481187,0.012235294117647,,177.19374243443153,0.2181701984527409,22.12665,83.483212
Kurukshetra,Haryana,2023-01,,,81.59702962962926,0.0002942258183155,,241.5054271961488,1.415745955662074,29.966942,76.875879
Kurukshetra,Haryana,2023-02,,,70.8653405639913,0.0,,222.11321895424837,2.115133369624389,29.966942,76.875879
Kurukshetra,Haryana,2023-03,,,47.009249628529,0.0281238615664845,,221.414604395604,1.8425386882829784,29.966942,76.875879
Kurukshetra,Haryana,2023-04,,,53.05572019867551,0.011193159735717,,216.81369681949616,1.8559510982179852,29.966942,76.875879
Kurukshetra,Haryana,2023-05,,,66.3787793814434,0.0289562289562289,,188.1704697452232,1.7717915831663318,29.966942,76.875879
Kurukshetra,Haryana,2023-06,,,38.74835432045154,0.0640575079872204,,213.7985609965634,1.8083455407152085,29.966942,76.875879
Kurukshetra,Haryana,2023-07,,,24.333415672913063,0.1525741029641184,,132.88875000000027,1.4778412312677207,29.966942,76.875879
Kurukshetra,Haryana,2023-08,,,34.94747621712374,0.0089332632685233,,222.32966446644664,1.9130544854155216,29.966942,76.875879
Kurukshetra,Haryana,2023-09,,,40.96959431200324,0.003739061256961,,209.24821603927944,1.5299216171617156,29.966942,76.875879
Kurukshetra,Haryana,2023-10,,,89.03710478934056,0.0038260869565217,,246.79150875938555,1.5534121863799284,29.966942,76.875879
Kurukshetra,Haryana,2023-11,,,119.2147980910424,0.006423982869379,,214.87577173913024,1.0904040771750985,29.966942,76.875879
Kurukshetra,Haryana,2023-12,,,87.81381252315705,0.00079883805374,,244.85048862364707,1.222524163568773,29.966942,76.875879
Mandikhera,Haryana,2023-01,,,24.970916481892097,0.0001211072664359,,,,27.9002,76.9938
Mandikhera,Haryana,2023-02,,,16.535453251067874,0.0,,,,27.9002,76.9938
Mandikhera,Haryana,2023-03,,,14.866786427145676,5.3804765564950045e-05,,,,27.9002,76.9938
Mandikhera,Haryana,2023-04,,,14.995914611704023,7.160759040458289e-06,,,,27.9002,76.9938
Mandikhera,Haryana,2023-05,,,15.518103448275845,4.418912947414936e-05,,,,27.9002,76.9938
Mandikhera,Haryana,2023-06,,,10.303815175922,0.0006432311144353,,,,27.9002,76.9938
Mandikhera,Haryana,2023-07,,,8.935319609967488,0.0008330428720808,,,,27.9002,76.9938
Mandikhera,Haryana,2023-08,,,14.586426790167437,0.0002997560125479,,,,27.9002,76.9938
Mandikhera,Haryana,2023-09,,,10.997962466487936,9.283819628647216e-05,,,,27.9002,76.9938
Mandikhera,Haryana,2023-10,,,28.76242476354259,3.6734693877551016e-05,,,,27.9002,76.9938
Mandikhera,Haryana,2023-11,,,56.54864736592309,4.7393364928909945e-05,,,,27.9002,76.9938
Mandikhera,Haryana,2023-12,,,34.724577373212014,0.0,,,,27.9002,76.9938
Mangalore,Karnataka,2023-01,29.00001403016485,,53.47455967358043,,,217.2163276043493,0.9765029814100298,12.88925,74.853
Mangalore,Karnataka,2023-02,29.000035087719304,,58.81070315469405,,,209.94509551656932,0.9593489278752456,12.88925,74.853
Mangalore,Karnataka,2023-03,29.000003487966517,,48.01495228357197,,,201.37705266829465,0.9066655040111602,12.88925,74.853
Mangalore,Karnataka,2023-04,29.00000371885459,,26.000270583687666,,,187.2645407214578,0.945987355894398,12.88925,74.853
Mangalore,Karnataka,2023-05,28.982993582483967,,16.295499808502473,,,194.12110985277465,0.9378520196300644,12.88925,74.853
Mangalore,Karnataka,2023-06,28.990272259014308,,22.778999247554555,,,215.9149227373068,0.9615599705665986,12.88925,74.853
Mangalore,Karnataka,2023-07,28.99000000000023,,22.431269719122756,,,188.8048498498497,0.9488626126126194,12.88925,74.853
Mangalore,Karnataka,2023-08,28.869553890078976,,20.299933697347907,,,201.27689150606733,0.9479693076374096,12.88925,74.853
Mangalore,Karnataka,2023-09,28.8877484939761,,18.231700804681765,,,191.34859563252976,0.932213855421695,12.88925,74.853
Mangalore,Karnataka,2023-10,28.85106483158315,,39.5321765765766,,,210.58400941687788,0.9255704454907652,12.88925,74.853
Mangalore,Karnataka,2023-11,28.88120810313091,,46.5217960812772,,,219.0960736648252,0.9422615101289222,12.88925,74.853
Mangalore,Karnataka,2023-12,28.83109738372206,,42.111982633864,,,222.0669803779072,0.9397020348837302,12.88925,74.853
Meerut,Uttar Pradesh,2023-01,14.62306202750726,741.2066497681523,142.54392566621942,0.0106498365786252,,172.4560453567918,1.0385776769136,29.00545406666667,77.74368416666667
Meerut,Uttar Pradesh,2023-02,20.778116279282475,741.1307476063345,115.28053124189262,0.0,,171.14768991526554,1.1733292297659574,29.00545406666667,77.74368416666667
Meerut,Uttar Pradesh,2023-03,24.224040155608403,741.0542261410628,69.35161044681568,0.1059794652682759,,171.66287862429917,1.1922337247424049,29.00545406666667,77.74368416666667
Meerut,Uttar Pradesh,2023-04,28.96282539204417,740.8118539137571,58.423017586305015,0.0160051883922904,,174.50835271913456,1.132557998853922,29.00545406666667,77.74368416666667
Meerut,Uttar Pradesh,2023-05,30.339629274504475,740.3314170992022,58.332530087555504,0.030787709913242,,172.1772262738124,0.6554521425733476,29.00545406666667,77.74368416666667
Meerut,Uttar Pradesh,2023-06,31.898957069688837,740.644648972257,34.35855169172001,0.112634119171437,,169.16271256759845,0.6912070926072816,29.00545406666667,77.74368416666667
Meerut,Uttar Pradesh,2023-07,30.39656936682752,737.8868233084494,20.07853691316525,0.3159668786858064,,175.656386315577,0.6223197641953705,29.00545406666667,77.74368416666667
Meerut,Uttar Pradesh,2023-08,31.009630754449336,737.781632689731,29.63740956821404,0.1504061285458072,,183.69794452755625,0.6121542501340718,29.00545406666667,77.74368416666667
Meerut,Uttar Pradesh,2023-09,30.454263293868497,737.9624764716996,34.43277130364842,0.0864708128652063,,174.632149010583,0.5503933226044045,29.00545406666667,77.74368416666667
Meerut,Uttar Pradesh,2023-10,26.96090903872436,738.2323647910079,95.91632531195016,0.0146923379403754,,162.96540435118737,0.4942913570862768,29.00545406666667,77.74368416666667
Meerut,Uttar Pradesh,2023-11,22.263085721116937,737.6117297698589,186.29036926407855,0.0030679878460374,,177.40432324854942,0.3883669072881796,29.00545406666667,77.74368416666667
Meerut,Uttar Pradesh,2023-12,17.726486624292196,737.7529644268775,123.0964035075945,0.001485502616254,,170.36541726074503,0.4260140348599101,29.00545406666667,77.74368416666667
Muzaffarnagar,Uttar Pradesh,2023-01,15.086131643787406,741.6385075677579,123.8476773496579,1.2,,218.0471664906723,1.8805350228792812,29.4723508,77.7194031
Muzaffarnagar,Uttar Pradesh,2023-02,25.49823241820234,741.3219255359157,105.1095166163142,,,227.23128995863107,2.500601729973695,29.4723508,77.7194031
Muzaffarnagar,Uttar Pradesh,2023-03,31.7686217008798,741.4905739421869,82.34896493451626,1.40625,,195.04899872177248,2.5012987012987127,29.4723508,77.7194031
Muzaffarnagar,Uttar Pradesh,2023-04,37.69564154786151,740.910752688172,75.39228529839883,2.263157894736842,,166.5252960172228,2.21913978494626,29.4723508,77.7194031
Muzaffarnagar,Uttar Pradesh,2023-05,38.81782178217817,740.619442351168,77.92650822669104,4.838235294117647,,184.39191232048373,1.9625094197437911,29.4723508,77.7194031
Muzaffarnagar,Uttar Pradesh,2023-06,40.09534492428487,740.1375321336761,47.47998349153941,2.5,,171.07510729613733,2.2977494692144407,29.4723508,77.7194031
Muzaffarnagar,Uttar Pradesh,2023-07,29.01426566884939,739.9457436856876,31.748110831234257,9.44375,,192.87330528284244,1.4511759581881631,29.4723508,77.7194031
Muzaffarnagar,Uttar Pradesh,2023-08,30.05141620771049,739.8583792289536,41.86354541816727,6.0,,221.6317859952793,1.88831628638868,29.4723508,77.7194031
Muzaffarnagar,Uttar Pradesh,2023-09,29.03951029493597,740.068447412354,54.27783902976847,10.923076923076923,,190.2693377851976,0.8015025041736056,29.4723508,77.7194031
Muzaffarnagar,Uttar Pradesh,2023-10,21.57739938080495,740.9157894736842,100.98388136686007,,,162.3170278637771,0.8583281733746043,29.4723508,77.7194031
Muzaffarnagar,Uttar Pradesh,2023-11,14.654752553024366,741.1080125687353,119.60755197284684,,,201.7961508248233,0.6499999999999848,29.4723508,77.7194031
Muzaffarnagar,Uttar Pradesh,2023-12,11.689056603773569,741.3966728280961,154.12155388471177,,,91.89242144177447,0.8125693160813273,29.4723508,77.7194031
Nagpur,Maharashtra,2023-01,,,95.46800147492635,,,194.58285244704183,0.6692293644996359,21.152875,79.0517531
Nagpur,Maharashtra,2023-02,,,59.50748478701825,,,207.45584126984167,0.6488363780778409,21.152875,79.0517531
Nagpur,Maharashtra,2023-03,,,61.83744043321303,,,201.7316161971829,0.6018767605633812,21.152875,79.0517531
Nagpur,Maharashtra,2023-04,,,48.47226693227082,,,195.0113910060976,0.6375199999999998,21.152875,79.0517531
Nagpur,Maharashtra,2023-05,,,42.81289445048961,,,202.319788210378,0.5551448763250882,21.152875,79.0517531
Nagpur,Maharashtra,2023-06,,,29.70623952095819,,,201.69722265321928,0.5958560311284047,21.152875,79.0517531
Nagpur,Maharashtra,2023-07,,,17.591428571428555,,,196.55784372652164,0.6027252252252251,21.152875,79.0517531
Nagpur,Maharashtra,2023-08,,,20.64708606856308,,,193.23250978996023,0.527995014245014,21.152875,79.0517531
Nagpur,Maharashtra,2023-09,,,25.8690369799693,,,193.7260743193526,0.5000736648250447,21.152875,79.0517531
Nagpur,Maharashtra,2023-10,,,63.571348474095146,,,196.20719396702896,0.4065180765180765,21.152875,79.0517531
Nagpur,Maharashtra,2023-11,,,92.50960291438996,,,181.88218917950516,0.6081420373027258,21.152875,79.0517531
Nagpur,Maharashtra,2023-12,,,70.87613052781724,,,171.9058674189,1.0260570824524335,21.152875,79.0517531
Naharlagun,Arunachal Pradesh,2023-01,18.34059807611876,991.5227394395648,28.72045262267348,1.6680567139282737e-05,,175.63750731911327,0.3785612714345462,27.103358,93.679645
Naharlagun,Arunachal Pradesh,2023-02,19.21680339462516,989.6149598867383,29.63873563218393,0.0002589807852965,,170.68478547854855,0.4040688354549741,27.103358,93.679645
Naharlagun,Arunachal Pradesh,2023-03,22.05075115400753,989.5209865659097,24.175596630791,0.0007726358148893,,171.44495174150222,0.442198908938313,27.103358,93.679645
Naharlagun,Arunachal Pradesh,2023-04,24.584576523031195,985.987242152466,22.70773497688751,0.0001239669421487,,168.11167904903422,0.4545535714285715,27.103358,93.679645
Naharlagun,Arunachal Pradesh,2023-05,27.650150753768838,984.2220505050508,21.012146652497343,0.001141581632653,,171.32999999999998,0.5083216080402014,27.103358,93.679645
Naharlagun,Arunachal Pradesh,2023-06,27.717963157894715,980.11112164297,18.18247374562425,0.0041346659652814,,167.8766315789471,0.4384736842105269,27.103358,93.679645
Naharlagun,Arunachal Pradesh,2023-07,29.018534435261685,980.6483830022088,15.280083682008362,0.0032909604519773,,172.71282644628096,0.4683856749311293,27.103358,93.679645
Naharlagun,Arunachal Pradesh,2023-08,32.070098039215694,974.1981188118814,20.060847723704857,0.0001921708185053,,172.01343137254904,0.637156862745098,27.103358,93.679645
Naharlagun,Arunachal Pradesh,2023-09,,,22.350780871670704,0.0,,,,27.103358,93.679645
Naharlagun,Arunachal Pradesh,2023-10,,,14.316454622561492,0.0,,,,27.103358,93.679645
Naharlagun,Arunachal Pradesh,2023-11,,,28.4095956192081,0.0,,,,27.103358,93.679645
Naharlagun,Arunachal Pradesh,2023-12,,,33.15642951251649,0.0,,,,27.103358,93.679645
Nalbari,Assam,2023-01,17.99889246159345,,155.7802782324059,0.0,,191.57255182273053,1.1550678087080697,26.446912,91.439057
Nalbari,Assam,2023-02,20.61760935143288,,113.14598540145984,0.0039488529522376,,183.69578313253007,1.50947368421053,26.446912,91.439057
Nalbari,Assam,2023-03,23.21342188046139,,72.12468827930175,0.0778350515463917,,198.9618163054696,1.6675945017182123,26.446912,91.439057
Nalbari,Assam,2023-04,25.565171990172004,,53.30024067388688,0.1732401397903145,,202.496918767507,2.3867861142217293,26.446912,91.439057
Nalbari,Assam,2023-05,27.343215892053927,,69.12415956969969,0.1303802008608321,,176.58434190620272,2.663416477702191,26.446912,91.439057
Nalbari,Assam,2023-06,28.51304904051168,,38.68333333333333,0.5997409326424871,,173.2716143840857,2.4474828375286046,26.446912,91.439057
Nalbari,Assam,2023-07,29.53678406261119,,18.942213114754097,0.1755046185425932,,135.07987443320545,2.7087077673284514,26.446912,91.439057
Nalbari,Assam,2023-08,28.982418371008272,,37.76208026208026,0.2681913407821229,,147.57082452431288,2.582735583684954,26.446912,91.439057
Nalbari,Assam,2023-09,29.680724346076527,,31.391462779802183,0.0523278183916891,,161.57204385277996,2.35199530516432,26.446912,91.439057
Nalbari,Assam,2023-10,26.39252934898616,,45.59528907922912,0.0927672955974842,,188.6323374340949,2.0571779571779585,26.446912,91.439057
Nalbari,Assam,2023-11,23.579871520342596,,86.39742673338098,0.0,,207.33111888111887,2.0091226843760843,26.446912,91.439057
Nalbari,Assam,2023-12,20.25049606568593,,104.56931738212526,0.0001700680272108,,207.58321964529333,1.905042589437821,26.446912,91.439057
Nashik,Maharashtra,2023-01,,,57.77929378531064,,,172.65267298911118,2.03530031612224,20.0073285,73.7762427
Nashik,Maharashtra,2023-02,,,42.63331358609791,,,160.9380060998853,1.882317073170732,20.0073285,73.7762427
Nashik,Maharashtra,2023-03,,,43.80147431124346,,,190.7693631436314,2.0469681571815737,20.0073285,73.7762427
Nashik,Maharashtra,2023-04,,,28.61251205936903,,,195.7325463623397,2.020053495007136,20.0073285,73.7762427
Nashik,Maharashtra,2023-05,,,24.964474074074047,,,252.37468682505403,4.06543916486681,20.0073285,73.7762427
Nashik,Maharashtra,2023-06,,,22.133797180536643,,,261.0732573149741,4.173253012048192,20.0073285,73.7762427
Nashik,Maharashtra,2023-07,,,10.588622710622673,,,263.0924800868934,4.6218863142650255,20.0073285,73.7762427
Nashik,Maharashtra,2023-08,,,16.115070743952536,,,266.34475095785416,4.442486164325255,20.0073285,73.7762427
Nashik,Maharashtra,2023-09,,,15.815894978919056,,,249.0576523947745,3.440239477503623,20.0073285,73.7762427
Nashik,Maharashtra,2023-10,,,47.79097465886958,,,178.81784846318766,2.48787348105789,20.0073285,73.7762427
Nashik,Maharashtra,2023-11,,,74.97012255840627,,,164.07602498163115,2.510617193240263,20.0073285,73.7762427
Nashik,Maharashtra,2023-12,,,56.58855890603069,,,156.83510406004805,2.5354418287273908,20.0073285,73.7762427
Nayagarh,Odisha,2023-01,17.919973018549733,,85.7517839549613,0.0,,,0.2572451046590154,21.847279,85.416905
Nayagarh,Odisha,2023-02,19.615803804550545,,71.85979905437337,0.0001491980604252,,,0.2635550544907927,21.847279,85.416905
Nayagarh,Odisha,2023-03,22.94651937703736,,97.25965653375452,0.0087649402390438,,,0.3759963636363639,21.847279,85.416905
Nayagarh,Odisha,2023-04,25.805057019268578,,85.86728849407766,0.0077860794337396,,,0.4574744295830061,21.847279,85.416905
Nayagarh,Odisha,2023-05,27.699803998432,,48.92187525479015,0.0066640533124264,,,0.5903136025088235,21.847279,85.416905
Nayagarh,Odisha,2023-06,27.77101225780942,,47.12496365104992,0.0699090549624356,,,0.6100316330565451,21.847279,85.416905
Nayagarh,Odisha,2023-07,25.570544317763808,,18.02372989150767,0.088267745494667,,,0.5533210603829167,21.847279,85.416905
Nayagarh,Odisha,2023-08,25.189029618082564,,24.652312549329068,0.0938425565081835,,,0.4882357533177204,21.847279,85.416905
Nayagarh,Odisha,2023-09,24.92744696969697,,24.208387475538142,0.0620454545454545,,,0.4363736263736256,21.847279,85.416905
Nayagarh,Odisha,2023-10,22.88060476004681,,32.79930301742458,0.0220834959032384,,,0.3542639593908631,21.847279,85.416905
Nayagarh,Odisha,2023-11,20.191033478893736,,57.41427801309202,0.0068413391557496,,,0.3746403797006203,21.847279,85.416905
Nayagarh,Odisha,2023-12,16.916021541568515,,68.69966183574842,0.0106361494446314,,,0.3752107925801006,21.847279,85.416905
Ooty,Tamil Nadu,2023-01,12.48069162210337,781.6127736185365,33.09537582903459,,,205.09258823529416,1.1339714795008926,11.4068288,76.7138973
Ooty,Tamil Nadu,2023-02,14.10024835988755,782.0590065604484,39.03679115479117,,,213.99774133083363,1.348233364573573,11.4068288,76.7138973
Ooty,Tamil Nadu,2023-03,15.028817005545326,782.11398521257,38.85740259740261,,,200.68423290203293,1.1589574861367842,11.4068288,76.7138973
Ooty,Tamil Nadu,2023-04,16.685953022718497,781.8138891028101,39.21438932888704,,,195.4477435502504,1.0923796688486718,11.4068288,76.7138973
Ooty,Tamil Nadu,2023-05,16.498999253174027,781.7450709484706,44.283201208003085,,,222.94657580283803,1.13294886151549,11.4068288,76.7138973
Ooty,Tamil Nadu,2023-06,16.744200503054312,780.7964965864153,25.65593370165743,,,229.90899389148404,1.3457384117858415,11.4068288,76.7138973
Ooty,Tamil Nadu,2023-07,15.047825742574211,779.9316514851482,16.403818770226536,,,230.27523168316893,2.004653465346537,11.4068288,76.7138973
Ooty,Tamil Nadu,2023-08,15.463462002412529,781.1994451145969,21.53707168894288,,,228.23530156815403,1.5074728588661062,11.4068288,76.7138973
Ooty,Tamil Nadu,2023-09,15.93231707317071,780.0831631097565,13.919375255206214,,,225.00424161585363,1.5048475609756051,11.4068288,76.7138973
Ooty,Tamil Nadu,2023-10,15.253616459041162,781.9128274820677,29.967991402891776,,,219.6337334843338,1.2312646281615678,11.4068288,76.7138973
Ooty,Tamil Nadu,2023-11,15.56203389830507,781.8747640861194,17.750662715517247,,,223.49151626202445,1.204750343563903,11.4068288,76.7138973
Ooty,Tamil Nadu,2023-12,15.005471544715435,781.9351504065041,20.00347555555558,,,215.790487804878,1.204032520325204,11.4068288,76.7138973
Pali,Rajasthan,2023-01,,725.9183667296782,57.862838392124566,0.0,,142.9804727685324,1.412380772142316,25.771061,73.340227
Pali,Rajasthan,2023-02,,727.0418976279636,41.73286493860831,0.0,,172.05109862671668,1.097118503118503,25.771061,73.340227
Pali,Rajasthan,2023-03,,728.3465464313134,37.46779290429065,0.0,,179.36461804222645,1.3178162245290257,25.771061,73.340227
Pali,Rajasthan,2023-04,,729.9226970633694,38.64123929183285,0.0,,187.0933952049496,1.6678811269779965,25.771061,73.340227
Pali,Rajasthan,2023-05,,731.0515337423311,51.17809426229535,0.0,,212.6073379363252,1.8868366564417167,25.771061,73.340227
Pali,Rajasthan,2023-06,,796.674399842595,44.24444048149777,0.0,,210.42902870625247,1.9700393391030648,25.771061,73.340227
Pali,Rajasthan,2023-07,,795.0995945419302,53.44959889893829,0.0,,204.4032176287053,1.6454779555208745,25.771061,73.340227
Pali,Rajasthan,2023-08,,762.1658923023822,59.7606476868328,0.0,,221.2410182947881,1.8553142265193343,25.771061,73.340227
Pali,Rajasthan,2023-09,,737.5570010787454,51.1727421109901,0.0,,205.6259295217551,1.5046510791366907,25.771061,73.340227
Pali,Rajasthan,2023-10,,737.6949541284413,42.10012303485999,0.0,,194.5355215766224,1.214836845683209,25.771061,73.340227
Pali,Rajasthan,2023-11,,738.1661466905183,67.5048517110263,0.0,,147.84781395348847,1.1104724409448778,25.771061,73.340227
Pali,Rajasthan,2023-12,,738.5691646778033,91.89812873724895,0.0,,128.45501363326514,1.1731720613287902,25.771061,73.340227
Puducherry,Puducherry,2023-01,27.06238655462185,759.0073949579831,42.27396329027872,0.0003361344537815,,89.94382778338378,1.8330756302521087,11.9309,79.8027
Puducherry,Puducherry,2023-02,27.602121324897663,757.544845552661,33.27639751552795,0.003349460364719,,119.42091551916636,1.6720133978414604,11.9309,79.8027
Puducherry,Puducherry,2023-03,29.28239057239066,756.4636363636364,23.27845754542084,0.0047138047138047,,153.85252525252525,1.9860606060606072,11.9309,79.8027
Puducherry,Puducherry,2023-04,31.099545136459035,755.3170048985304,20.56136275648471,0.0063091482649842,,196.01050420168067,1.948985304408681,11.9309,79.8027
Puducherry,Puducherry,2023-05,31.92774369461496,753.7927743694615,22.107604017216644,0.0606680299931833,,232.06612133606,1.919393319700066,11.9309,79.8027
Puducherry,Puducherry,2023-06,32.51414956011736,751.7137096774194,17.727201870615744,0.0784457478005865,,248.58724340175957,1.946114369501473,11.9309,79.8027
Puducherry,Puducherry,2023-07,31.75351966873713,752.3857832988268,15.051565377532228,0.1040802213001383,,266.7864044168392,1.8192201518288444,11.9309,79.8027
Puducherry,Puducherry,2023-08,31.45375212224104,753.7178268251273,19.042284062161187,0.0506114130434782,,238.96332767402376,1.950797962648556,11.9309,79.8027
Puducherry,Puducherry,2023-09,30.74056671449072,753.140243902439,13.258051846032991,0.0738880918220946,,252.03909612625537,1.8480989956958445,11.9309,79.8027
Puducherry,Puducherry,2023-10,30.32234559333805,756.913254684247,28.03872699386503,0.0645385149201943,,170.10100659493233,1.625850104094388,11.9309,79.8027
Puducherry,Puducherry,2023-11,28.420989884393087,758.0321531791908,26.560920577617328,0.2550578034682081,,88.81005788712011,1.389631502890179,11.9309,79.8027
Puducherry,Puducherry,2023-12,27.676448661470715,758.5916638427651,37.12985571587125,0.0142324635716706,,93.44018976618096,1.8483226025076265,11.9309,79.8027
Pune,Maharashtra,2023-01,,946.64006779662,66.70388239611866,,,0.87,1.0499999999999767,18.53476643333333,73.8646219
Pune,Maharashtra,2023-02,,948.7774052004328,71.63727356722642,,,3.14,1.0499999999999703,18.53476643333333,73.8646219
Pune,Maharashtra,2023-03,,914.2421347644575,51.48538626374986,,,142.24076326774116,1.050079639889234,18.53476643333333,73.8646219
Pune,Maharashtra,2023-04,,929.8734843353114,61.29890742565231,,,172.60117342879832,1.1132137518684306,18.53476643333333,73.8646219
Pune,Maharashtra,2023-05,,907.970672016049,67.43273424493321,,,207.54792490916307,4.485605314960639,18.53476643333333,73.8646219
Pune,Maharashtra,2023-06,,822.1143851851849,35.88575925838622,,,170.90135606983122,1.3763326226012726,18.53476643333333,73.8646219
Pune,Maharashtra,2023-07,,754.6153623188409,26.525424262857427,,,188.09006912442365,0.920812680115282,18.53476643333333,73.8646219
Pune,Maharashtra,2023-08,,769.4272123893792,37.60440210210699,,,178.66165335185994,0.8176580958999227,18.53476643333333,73.8646219
Pune,Maharashtra,2023-09,,810.5021691792288,32.01002707807435,,,177.64927135678002,0.813931933381611,18.53476643333333,73.8646219
Pune,Maharashtra,2023-10,,986.3097709923665,55.71072500829535,,,204.0331017612524,1.126912650602418,18.53476643333333,73.8646219
Pune,Maharashtra,2023-11,,893.0865442504511,69.40479626847899,,,211.8458240972469,1.2456047092400857,18.53476643333333,73.8646219
Pune,Maharashtra,2023-12,,880.38722748815,76.02095807827564,,,208.4477766497467,2.256054145516074,18.53476643333333,73.8646219
Rajamahendravaram,Andhra Pradesh,2023-01,29.453579831932768,758.2601680672269,77.0601680672269,0.0,0.0202924369747899,157.88100840336134,2.1984873949579824,16.9872867,81.7363176
Rajamahendravaram,Andhra Pradesh,2023-02,30.79190439475716,756.9363916730917,50.26966292134831,0.0511403169694627,0.0058982266769467,189.5312259059368,2.3739013107170357,16.9872867,81.7363176
Rajamahendravaram,Andhra Pradesh,2023-03,31.78345274650296,755.5711361310133,45.47439446366782,0.0081569965870307,0.0104810644831116,178.37871033776867,2.5538041624019048,16.9872867,81.7363176
Rajamahendravaram,Andhra Pradesh,2023-04,34.329399499583005,752.2998331943286,27.91219924018573,0.0125938281901584,0.0099666388657214,196.51125938281905,2.849916597164301,16.9872867,81.7363176
Rajamahendravaram,Andhra Pradesh,2023-05,35.12626876340242,750.5310924369747,27.055778344877872,0.0386890756302521,0.0086689075630252,188.67159663865547,2.7312268907562984,16.9872867,81.7363176
Rajamahendravaram,Andhra Pradesh,2023-06,35.8575230660042,746.4527767951893,24.01701049583786,0.2862468331523704,-0.0279165192783869,227.53272019808983,3.4197736116024093,16.9872867,81.7363176
Rajamahendravaram,Andhra Pradesh,2023-07,31.766319327731168,746.3932773109244,8.431718061674008,0.4719793459552515,-0.0632705882352943,243.2655462184874,4.129445378151254,16.9872867,81.7363176
Rajamahendravaram,Andhra Pradesh,2023-08,32.193351333108325,749.08808639892,17.083429450211458,0.0574755315558555,-0.0357678029024631,247.19203509956125,2.989031387107657,16.9872867,81.7363176
Rajamahendravaram,Andhra Pradesh,2023-09,31.513915266618035,748.2761139517896,14.13486711622372,0.0978816654492329,-0.0226880934989044,233.00219138056977,2.776661796932065,16.9872867,81.7363176
Rajamahendravaram,Andhra Pradesh,2023-10,30.98682352941178,754.2473949579831,45.727640904488695,0.0055144586415601,0.0016739495798319,192.0816806722689,2.533142857142849,16.9872867,81.7363176
Rajamahendravaram,Andhra Pradesh,2023-11,29.97126311979739,756.8555917480999,52.58551483420593,0.1694840834248079,0.0351013024602026,131.81360839667028,2.5946435034382853,16.9872867,81.7363176
Rajamahendravaram,Andhra Pradesh,2023-12,29.029683972912004,757.7416725726436,77.2330694810906,0.1418136020151133,0.021045357902197,129.98356555912827,2.200070871722174,16.9872867,81.7363176
Rupnagar,Punjab,2023-01,,974.7457726957716,65.02956308982884,0.0067056396148555,,177.4240180430258,2.420944444444458,31.0325454,76.5623046
Rupnagar,Punjab,2023-02,,968.742021069062,50.72299330445058,0.0,,183.13976935105595,2.54031702544031,31.0325454,76.5623046
Rupnagar,Punjab,2023-03,,966.94311827957,31.96354499274313,0.0072901849217638,,180.3370193687227,2.526305595408889,31.0325454,76.5623046
Rupnagar,Punjab,2023-04,,960.8464549483008,44.92499016135374,0.0012553802008608,,178.8587839345485,2.506298363095232,31.0325454,76.5623046
Rupnagar,Punjab,2023-05,,956.5323016720046,41.50356768885572,0.0073145245559038,,169.00225598855906,2.522647374062169,31.0325454,76.5623046
Rupnagar,Punjab,2023-06,,948.9062255115364,28.06628481581309,0.025235945835043,,168.4619825708062,2.516002615518741,31.0325454,76.5623046
Rupnagar,Punjab,2023-07,,948.8845181674566,27.726442704039616,0.224412433661865,,150.7767313019387,2.45779627427665,31.0325454,76.5623046
Rupnagar,Punjab,2023-08,,948.2854920264492,38.30335195530736,0.0293896006028636,,181.45560140132332,2.458102843786516,31.0325454,76.5623046
Rupnagar,Punjab,2023-09,,954.2586940836944,35.70446520317608,0.0112580414581844,,183.4228751803753,2.3579971077368063,31.0325454,76.5623046
Rupnagar,Punjab,2023-10,,965.2673845085124,48.46892895780738,0.0099862258953168,,172.31897426981922,2.4027522616562247,31.0325454,76.5623046
Rupnagar,Punjab,2023-11,,971.7540838068184,79.44604744672307,0.0081444759206798,,162.36736170212774,2.4479354380986056,31.0325454,76.5623046
Rupnagar,Punjab,2023-12,,974.2911594202898,94.7582938187976,0.0,,177.671575889615,2.516372549019604,31.0325454,76.5623046
Sagar,Madhya Pradesh,2023-01,20.54996584699454,,74.62238242361826,0.0095628415300546,,108.858607281725,0.6913963328631871,23.838586,78.759431
Sagar,Madhya Pradesh,2023-02,23.16357969723954,,32.702338129496404,0.0,,195.99672284644197,0.6741226017781927,23.838586,78.759431
Sagar,Madhya Pradesh,2023-03,25.13731847348866,,28.11221347930209,0.0151975683890577,,154.63323353293413,0.8454953271028041,23.838586,78.759431
Sagar,Madhya Pradesh,2023-04,26.963583815028844,,28.0907063197026,0.0184609826589595,,189.6882225433526,0.8718569364161836,23.838586,78.759431
Sagar,Madhya Pradesh,2023-05,28.147744998304454,,22.206484641638227,0.0046456425907087,,196.999648999649,0.7716532680880831,23.838586,78.759431
Sagar,Madhya Pradesh,2023-06,28.136477987421376,,20.78994938539407,0.0596785464709992,,236.31304651976217,0.9035290006988088,23.838586,78.759431
Sagar,Madhya Pradesh,2023-07,26.43711667254145,,9.93104806934594,0.1036305956996826,,180.6778547975192,0.6383746355685138,23.838586,78.759431
Sagar,Madhya Pradesh,2023-08,25.18176312247641,,14.78663500678426,0.0069313593539703,,224.99932569116652,0.7318396226415097,23.838586,78.759431
Sagar,Madhya Pradesh,2023-09,25.45970961887473,,15.586523736600306,0.003130671506352,,159.72929936305732,0.4582577132486407,23.838586,78.759431
Sagar,Madhya Pradesh,2023-10,25.457922871324907,,39.20580270793037,0.0,,143.51610429447854,0.3927827093786167,23.838586,78.759431
Sagar,Madhya Pradesh,2023-11,23.71825256455607,,74.17883861774136,7.074637424831978e-05,,117.99858256555636,0.4361785714285716,23.838586,78.759431
Sagar,Madhya Pradesh,2023-12,21.861822205828144,,70.35151747983096,0.0061969752858723,,102.23601333827344,0.5318282753515909,23.838586,78.759431
Samastipur,Bihar,2023-01,12.949747109826566,,200.54973424449503,0.0,,233.2902149740549,0.9754805948494631,25.859655,85.77944
Samastipur,Bihar,2023-02,20.25705950991829,,153.73336089293096,0.0027226760015558,,227.0891295293628,1.0047852760736038,25.859655,85.77944
Samastipur,Bihar,2023-03,26.67839441535776,,103.53928439690152,0.0,,210.25491624180623,1.0818116203536556,25.859655,85.77944
Samastipur,Bihar,2023-04,32.88968512486427,,81.32388349514564,0.0,,229.87722622205385,1.3703689759036146,25.859655,85.77944
Samastipur,Bihar,2023-05,33.37808464849353,,66.75848142164782,0.0,,167.4050585126463,1.483727921833898,25.859655,85.77944
Samastipur,Bihar,2023-06,37.09575260804772,,43.15682107947301,0.0,,165.84898122253296,1.876205659625349,25.859655,85.77944
Samastipur,Bihar,2023-07,31.386444528587635,,26.714081145584725,0.0112994350282485,,134.6841107318923,1.665380249716231,25.859655,85.77944
Samastipur,Bihar,2023-08,29.052091817845188,,31.94502027940514,0.0078299776286353,,216.4039292730845,1.4552314274601357,25.859655,85.77944
Samastipur,Bihar,2023-09,29.18590944574556,,37.675872850442936,0.0,,150.68788001621402,1.299960474308291,25.859655,85.77944
Samastipur,Bihar,2023-10,26.74544106745737,,49.53439153439153,0.000183284457478,,194.89520153550865,1.1055223880596907,25.859655,85.77944
Samastipur,Bihar,2023-11,23.529126213592203,,123.42282157676348,0.0075238431649593,,222.58921791951408,1.012744388124542,25.859655,85.77944
Samastipur,Bihar,2023-12,18.702355072463792,,72.66896551724138,0.0,,236.03141970519783,1.1576765035487415,25.859655,85.77944
Shillong,Meghalaya,2023-01,,,53.39629249291783,0.0001170395869191,,212.0821074380168,5.299035812672183,25.5586,91.8985
Shillong,Meghalaya,2023-02,,,65.35267396403437,0.0010347432024169,,175.84548338368575,7.576654078549864,25.5586,91.8985
Shillong,Meghalaya,2023-03,,,64.41375678119353,0.0936608996539793,,156.42774696707133,7.647237435008669,25.5586,91.8985
Shillong,Meghalaya,2023-04,,,60.22629228687415,0.041722621902478,,120.39239147909956,9.597913987138275,25.5586,91.8985
Shillong,Meghalaya,2023-05,,,30.088127659574475,0.1315615727002966,,141.58576822429913,9.338818691588775,25.5586,91.8985
Shillong,Meghalaya,2023-06,,,23.39299056603773,0.4556795536070136,,158.1743750000001,8.38533870967742,25.5586,91.8985
Shillong,Meghalaya,2023-07,,,10.83555069582505,0.2410727542687449,,181.32301492537317,6.439231343283586,25.5586,91.8985
Shillong,Meghalaya,2023-08,,,15.813881841246827,0.2406369863013694,,170.6472555746139,5.698806174957126,25.5586,91.8985
Shillong,Meghalaya,2023-09,,,14.249934667211113,0.1131003145753234,,213.37654195804177,5.459192307692304,25.5586,91.8985
Shillong,Meghalaya,2023-10,,,21.785329341317365,0.0729072082835524,,229.89300239234484,5.396435406698568,25.5586,91.8985
Shillong,Meghalaya,2023-11,,,22.02113047574189,0.0159636236446309,,233.659590479524,5.826258312915646,25.5586,91.8985
Shillong,Meghalaya,2023-12,,,20.5851867219917,0.0157224462365591,,228.32915322580695,5.38059475806453,25.5586,91.8985
Silchar,Assam,2023-01,18.580898815931093,,16.24993083573485,0.0,,137.39903607969833,0.6537082884822384,24.82827,92.79525
Silchar,Assam,2023-02,21.41291775213992,,20.301406065380117,1.860811313732788e-05,,150.80493114998157,0.6814663193152194,24.82827,92.79525
Silchar,Assam,2023-03,23.81348045822105,,15.362342064714868,0.0007881441562815,,146.16779986522917,0.8053066037735828,24.82827,92.79525
Silchar,Assam,2023-04,26.35961496941347,,5.042093967517395,0.0020416966211358,,144.02970133141437,0.8309211946743437,24.82827,92.79525
Silchar,Assam,2023-05,27.57436477549601,,15.985,0.0023965217391304,,162.51518969718063,0.82324164345404,24.82827,92.79525
Silchar,Assam,2023-06,27.46969410050983,,4.838441994247376,0.0071995630007283,,154.245251274581,0.7799308084486525,24.82827,92.79525
Silchar,Assam,2023-07,28.613186206896557,,2.36912767644727,0.0020537560303239,,184.90634482758625,0.759931034482758,24.82827,92.79525
Silchar,Assam,2023-08,27.72912419239057,,2.365732952225404,0.0036670254754215,,170.47932471264386,0.7143323761665462,24.82827,92.79525
Silchar,Assam,2023-09,29.34825909428358,,4.748476467734097,0.0017507418397626,,181.2417260579065,0.7500965107646613,24.82827,92.79525
Silchar,Assam,2023-10,26.72216636528031,,6.3414853057982885,0.0005417118093174,,166.50830379746836,0.6385419681620834,24.82827,92.79525
Silchar,Assam,2023-11,23.73966035037541,,14.30959474671664,0.0007717041800643,,125.91224168752233,0.719177396280401,24.82827,92.79525
Silchar,Assam,2023-12,20.74853366231938,,15.584944702104949,0.0002219091229306,,150.9818998942541,0.6387134296792399,24.82827,92.79525
Srinagar,Jammu and Kashmir,2023-01,,,18.196038415366136,0.0013661202185792,,167.1376670317634,0.377480832420592,34.066206,74.81982
Srinagar,Jammu and Kashmir,2023-02,,,20.71334033613445,0.0003751736915238,,157.33355421686758,0.3698887859128827,34.066206,74.81982
Srinagar,Jammu and Kashmir,2023-03,,,27.92051875868457,0.0001411192214111,,163.03634576612896,0.3881019687026754,34.066206,74.81982
Srinagar,Jammu and Kashmir,2023-04,,,35.18686224489805,0.0005415860735009,,145.10783225044275,0.4013998818665091,34.066206,74.81982
Srinagar,Jammu and Kashmir,2023-05,,,42.63346456692897,,,113.58623993558784,0.3778945249597416,34.066206,74.81982
Srinagar,Jammu and Kashmir,2023-06,,,28.680423870608063,,,126.93828708644608,0.3353069941270688,34.066206,74.81982
Srinagar,Jammu and Kashmir,2023-07,,,22.70173475097908,,,87.94962882096065,0.3575245365321697,34.066206,74.81982
Srinagar,Jammu and Kashmir,2023-08,,,29.40791245791243,,,160.7316666666665,0.3262118491921003,34.066206,74.81982
Srinagar,Jammu and Kashmir,2023-09,,,23.136246418337997,2.865329512893983e-05,,160.38203776041692,0.2800846354166666,34.066206,74.81982
Srinagar,Jammu and Kashmir,2023-10,,,21.72658146964856,0.000437464946719,,139.36156829679604,0.2212759977515459,34.066206,74.81982
Srinagar,Jammu and Kashmir,2023-11,,,33.00339599757432,0.0003450078410872,,161.76106694560644,0.2359884937238491,34.066206,74.81982
Srinagar,Jammu and Kashmir,2023-12,,,22.323346828609974,0.0003157894736842,,177.90156578947372,0.2190921052631579,34.066206,74.81982
Thrissur,Kerala,2023-01,27.001540843979843,,54.79773755656115,0.0089575289575289,,260.7257153935638,1.839898872034225,10.5324,76.2159
Thrissur,Kerala,2023-02,28.10941153393488,,63.77737381703469,0.0010976087808702,,260.28647887324024,1.7401136809094229,10.5324,76.2159
Thrissur,Kerala,2023-03,29.40765195369022,,62.443929222911365,0.0002170767004341,,259.6548390596752,1.9699060354174227,10.5324,76.2159
Thrissur,Kerala,2023-04,29.96810738766187,,32.79871162790706,7.616146230007617e-05,,258.2993003802273,1.902886008387341,10.5324,76.2159
Thrissur,Kerala,2023-05,29.588553948832068,,20.02263551401869,0.0,,257.8177682881516,1.9059859154929588,10.5324,76.2159
Thrissur,Kerala,2023-06,27.2226349325337,,25.54718822618127,0.0,,258.8185955056184,1.6449192639879668,10.5324,76.2159
Thrissur,Kerala,2023-07,26.074053156146224,,26.60348088531184,0.0003687315634218,,258.3552821836957,1.8598744924326285,10.5324,76.2159
Thrissur,Kerala,2023-08,27.824960629921225,,29.24732489451476,0.0,,252.9388340486429,2.137976361031535,10.5324,76.2159
Thrissur,Kerala,2023-09,26.242078313253003,,30.517265889432164,0.0003757985719654,,253.28449455092175,1.608940422322743,10.5324,76.2159
Thrissur,Kerala,2023-10,27.68716594827581,,30.5150992282249,0.001081081081081,,252.63194623655957,1.553633909287245,10.5324,76.2159
Thrissur,Kerala,2023-11,27.99324881141051,,30.547394924663,0.0008709422011084,,250.97007908264203,1.5621751188589352,10.5324,76.2159
Thrissur,Kerala,2023-12,28.22737211634908,,30.52168505516553,0.0001002004008016,,252.07958249497045,1.8558643216080428,10.5324,76.2159
Ujjain,Madhya Pradesh,2023-01,21.378329882677708,,91.60151515151514,0.0002760524499654,,113.28433402346444,2.331021394064872,23.182719,75.768218
Ujjain,Madhya Pradesh,2023-02,24.05746185336803,,62.33807562710595,0.0,,174.74283587644211,1.7214737625604792,23.182719,75.768218
Ujjain,Madhya Pradesh,2023-03,25.87291066282428,,127.91256157635468,0.0021313364055299,,206.95619596541783,2.486117511520736,23.182719,75.768218
Ujjain,Madhya Pradesh,2023-04,28.13605577689245,,36.52703277990634,0.0115936254980079,,197.49083665338645,2.5633864541832625,23.182719,75.768218
Ujjain,Madhya Pradesh,2023-05,29.6028629032258,,43.22254616132168,0.0035094796288826,,221.64314516129036,3.367258064516124,23.182719,75.768218
Ujjain,Madhya Pradesh,2023-06,28.60586080586086,,43.61951219512195,0.0428728471967754,,251.96153846153845,3.9010622710622695,23.182719,75.768218
Ujjain,Madhya Pradesh,2023-07,26.590167865707382,,31.38117647058824,0.1719424460431655,,250.378896882494,3.1966426858513146,23.182719,75.768218
Ujjain,Madhya Pradesh,2023-08,26.15992560027052,,43.97648843382632,0.0208319242475482,,266.7673317551573,3.329658437605688,23.182719,75.768218
Ujjain,Madhya Pradesh,2023-09,26.870266781411345,,22.365544381285527,0.1214285714285712,,177.81798623063682,2.5273235800344205,23.182719,75.768218
Ujjain,Madhya Pradesh,2023-10,27.50407270279369,,47.37318473488686,0.0003365870077415,,162.50891955570515,1.6188825311342958,23.182719,75.768218
Ujjain,Madhya Pradesh,2023-11,24.89467766116941,,93.132386799693,0.0116566716641679,,118.1293103448276,1.8481634182908608,23.182719,75.768218
Ujjain,Madhya Pradesh,2023-12,22.05957518543494,,83.51797829036634,6.743088334457182e-05,,102.75758597437628,2.052326365475393,23.182719,75.768218
Vapi,Gujarat,2023-01,,,140.69330722677122,0.0149529569892473,,191.41908602150525,0.3898365316275808,20.362421,72.918013
Vapi,Gujarat,2023-02,,,154.96385298869149,0.006436955698599,,207.83928030303016,0.3712277800744188,20.362421,72.918013
Vapi,Gujarat,2023-03,,,98.28461826347304,0.0346820809248554,,201.54696866485,0.2912300260126407,20.362421,72.918013
Vapi,Gujarat,2023-04,,,64.6622452627816,0.01875,,187.2693884642112,0.2979229607250804,20.362421,72.918013
Vapi,Gujarat,2023-05,,,37.82101777622852,0.0127817019845274,,149.26004712218116,0.2706963591375046,20.362421,72.918013
Vapi,Gujarat,2023-06,,,27.08400000000002,0.0149070501578393,,205.4821667252899,0.3505035971223014,20.362421,72.918013
Vapi,Gujarat,2023-07,,,27.576342857142823,0.0239057239057239,,164.43977081226814,0.2343434343434373,20.362421,72.918013
Vapi,Gujarat,2023-08,,,32.94016883573687,0.0052118359112306,,103.8875420875423,0.2542866941015147,20.362421,72.918013
Vapi,Gujarat,2023-09,,,35.228981623277164,0.0095486111111111,,202.52427926363325,0.1780622292241048,20.362421,72.918013
Vapi,Gujarat,2023-10,,,87.14264150943396,0.006890756302521,,222.53214525891056,0.2032381763954009,20.362421,72.918013
Vapi,Gujarat,2023-11,,,58.41062956204386,0.0092045849253212,,218.0845726198748,0.2272317403065839,20.362421,72.918013
Vapi,Gujarat,2023-12,,,91.7617067833698,0.0058962264150943,,205.93739042481408,0.3051602163961744,20.362421,72.918013
